Date,Topsoil
2014-04-23,5.987102564
2014-04-24,5.225722222
2014-04-25,6.013263889
2014-04-26,6.9435
2014-04-27,5.846041667
2014-04-28,3.555138889
2014-04-29,2.506055556
2014-04-30,3.434263889
2014-05-01,4.515722222
2014-05-02,5.804597222
2014-05-03,5.924958333
2014-05-04,5.185291667
2014-05-05,5.870138889
2014-05-06,7.50275
2014-05-07,6.830375
2014-05-08,6.101458333
2014-05-09,7.195430556
2014-05-10,7.757972222
2014-05-11,6.878236111
2014-05-12,6.323666667
2014-05-13,6.709791667
2014-05-14,7.302777778
2014-05-15,8.066361111
2014-05-16,9.635
2014-05-17,10.39944444
2014-05-18,11.19097222
2014-05-19,12.51777778
2014-05-20,12.28472222
2014-05-21,12.04638889
2014-05-22,13.51722222
2014-05-23,15.01055556
2014-05-24,16.13819444
2014-05-25,16.46180556
2014-05-26,16.565
2014-05-27,16.82083333
2014-05-28,17.49625
2014-05-29,18.42861111
2014-05-30,17.87847222
2014-05-31,17.15625
2014-06-01,17.49194444
2014-06-02,16.64555556
2014-06-03,15.40208333
2014-06-04,15.90861111
2014-06-05,16.98972222
2014-06-06,16.1125
2014-06-07,14.83805556
2014-06-08,15.30583333
2014-06-09,15.56833333
2014-06-10,16.08069444
2014-06-11,15.65819444
2014-06-12,14.85888889
2014-06-13,15.67916667
2014-06-14,16.18
2014-06-15,15.64833333
2014-06-16,15.58527778
2014-06-17,16.51055556
2014-06-18,16.49208333
2014-06-19,16.63041667
2014-06-20,17.29916667
2014-06-21,17.77263889
2014-06-22,18.09777778
2014-06-23,18.03291667
2014-06-24,17.57277778
2014-06-25,16.98097222
2014-06-26,17.50847222
2014-06-27,19.12402778
2014-06-28,19.16111111
2014-06-29,18.24680556
2014-06-30,17.36458333
2014-07-01,16.83180556
2014-07-02,17.06847222
2014-07-03,17.99416667
2014-07-04,19.34527778
2014-07-05,20.59166667
2014-07-06,21.10097222
2014-07-07,20.61013889
2014-07-08,19.68152778
2014-07-09,19.72416667
2014-07-10,20.15763889
2014-07-11,20.72222222
2014-07-12,20.94958333
2014-07-13,20.52
2014-07-14,19.53972222
2014-07-15,18.94541667
2014-07-16,19.09263889
2014-07-17,19.81861111
2014-07-18,20.50375
2014-07-19,20.18194444
2014-07-20,21.00583333
2014-07-21,21.39583333
2014-07-22,21.02444444
2014-07-23,21.74888889
2014-07-24,21.62027778
2014-07-25,21.66430556
2014-07-26,21.19277778
2014-07-27,20.35611111
2014-07-28,20.25125
2014-07-29,20.76152778
2014-07-30,21.39833333
2014-07-31,22.02236111
2014-08-01,22.23333333
2014-08-02,22.33444444
2014-08-03,22.06222222
2014-08-04,20.57305556
2014-08-05,19.97361111
2014-08-06,19.53833333
2014-08-07,19.98541667
2014-08-08,20.98
2014-08-09,21.17763889
2014-08-10,21.30263889
2014-08-11,21.07541667
2014-08-12,21.58444444
2014-08-13,21.94847222
2014-08-14,22.61833333
2014-08-15,22.54555556
2014-08-16,21.25555556
2014-08-17,21.67236111
2014-08-18,21.15013889
2014-08-19,21.32708333
2014-08-20,21.25888889
2014-08-21,20.80013889
2014-08-22,20.49625
2014-08-23,19.24555556
2014-08-24,18.03791667
2014-08-25,16.84305556
2014-08-26,16.23
2014-08-27,17.165
2014-08-28,18.54638889
2014-08-29,18.93305556
2014-08-30,18.20333333
2014-08-31,18.69888889
2014-09-01,18.24194444
2014-09-02,17.71736111
2014-09-03,17.71180556
2014-09-04,17.80458333
2014-09-05,16.53625
2014-09-06,16.55791667
2014-09-07,16.96208333
2014-09-08,17.37458333
2014-09-09,16.40708333
2014-09-10,13.62180556
2014-09-11,12.34847222
2014-09-12,12.05180556
2014-09-13,12.09569444
2014-09-14,11.975
2014-09-15,12.54819444
2014-09-16,13.16208333
2014-09-17,13.66527778
2014-09-18,14.35180556
2014-09-19,15.54638889
2014-09-20,15.24888889
2014-09-21,14.6475
2014-09-22,14.72444444
2014-09-23,15.4325
2014-09-24,16.17375
2014-09-25,16.81069444
2014-09-26,17.34472222
2014-09-27,17.32236111
2014-09-28,16.31
2014-09-29,14.5725
2014-09-30,13.78875
2014-10-01,13.45722222
2014-10-02,12.31861111
2014-10-03,10.41763889
2014-10-04,9.456569444
2014-10-05,10.33902778
2014-10-06,10.32305556
2014-10-07,10.42402778
2014-10-08,9.861111111
2014-10-09,10.15222222
2014-10-10,9.780416667
2014-10-11,10.07347222
2014-10-12,10.74777778
2014-10-13,10.15472222
2014-10-14,9.749166667
2014-10-15,10.45166667
2014-10-16,10.58986111
2014-10-17,9.74625
2014-10-18,9.190236111
2014-10-19,9.696666667
2014-10-20,9.705138889
2014-10-21,10.32652778
2014-10-22,10.88013889
2014-10-23,9.904444444
2014-10-24,9.742638889
2014-10-25,9.743055556
2014-10-26,9.932777778
2014-10-27,9.296944444
2014-10-28,8.029930556
2014-10-29,6.525472222
2014-10-30,6.570569444
2014-10-31,6.033097222
2014-11-01,5.781319444
2014-11-02,6.175527778
2014-11-03,6.357680556
2014-11-04,5.827138889
2014-11-05,6.490277778
2014-11-06,5.749194444
2014-11-07,6.854583333
2014-11-08,6.221527778
2014-11-09,5.734194444
2014-11-10,4.688708333
2014-11-11,3.59375
2014-11-12,2.504583333
2014-11-13,1.869972222
2014-11-14,1.348305556
2014-11-15,0.728083333
2014-11-16,0.144777778
2014-11-17,-0.310305556
2014-11-18,-0.381638889
2014-11-19,-0.273875
2014-11-20,-0.302125
2014-11-21,0.008902778
2014-11-22,0.448222222
2014-11-23,0.690416667
2014-11-24,0.569680556
2014-11-25,0.364541667
2014-11-26,0.368083333
2014-11-27,-0.031402778
2014-11-28,-0.299833333
2014-11-29,-0.256958333
2014-11-30,-2.437736111
2014-12-01,-4.255513889
2014-12-02,-3.800041667
2014-12-03,-3.779736111
2014-12-04,-3.648875
2014-12-05,-2.743388889
2014-12-06,-2.367666667
2014-12-07,-1.749347222
2014-12-08,-1.430944444
2014-12-09,-1.362194444
2014-12-10,-1.271055556
2014-12-11,-0.907069444
2014-12-12,-0.555222222
2014-12-13,-0.264097222
2014-12-14,-0.098472222
2014-12-15,-0.051361111
2014-12-16,-0.353305556
2014-12-17,-0.838805556
2014-12-18,-1.152069444
2014-12-19,-1.171833333
2014-12-20,-1.142472222
2014-12-21,-1.150347222
2014-12-22,-0.520791667
2014-12-23,-0.405222222
2014-12-24,-0.561736111
2014-12-25,-0.528819444
2014-12-26,-0.940791667
2014-12-27,-1.593666667
2014-12-28,-1.919166667
2014-12-29,-2.603333333
2014-12-30,-3.776638889
2014-12-31,-4.242152778
2015-01-01,-3.417513889
2015-01-02,-2.590013889
2015-01-03,-2.48925
2015-01-04,-3.766736111
2015-01-05,-5.011694444
2015-01-06,-4.912402778
2015-01-07,-5.176958333
2015-01-08,-5.027041667
2015-01-09,-5.831861111
2015-01-10,-6.236708333
2015-01-11,-5.391333333
2015-01-12,-6.157805556
2015-01-13,-6.374791667
2015-01-14,-5.352111111
2015-01-15,-4.055027778
2015-01-16,-3.019305556
2015-01-17,-1.788430556
2015-01-18,-1.719027778
2015-01-19,-1.369902778
2015-01-20,-0.890847222
2015-01-21,-0.836736111
2015-01-22,-1.350097222
2015-01-23,-1.131930556
2015-01-24,-0.725236111
2015-01-25,-0.514097222
2015-01-26,-0.380666667
2015-01-27,-0.308222222
2015-01-28,-0.244722222
2015-01-29,-0.190388889
2015-01-30,-0.180638889
2015-01-31,-0.257
2015-02-01,-0.915222222
2015-02-02,-1.490180556
2015-02-03,-1.712041667
2015-02-04,-2.121680556
2015-02-05,-2.30675
2015-02-06,-1.575236111
2015-02-07,-0.906222222
2015-02-08,-0.404027778
2015-02-09,-0.159694444
2015-02-10,-0.075402778
2015-02-11,-0.083472222
2015-02-12,-0.479722222
2015-02-13,-0.491611111
2015-02-14,-0.642888889
2015-02-15,-1.409347222
2015-02-16,-1.160819444
2015-02-17,-2.337638889
2015-02-18,-3.825847222
2015-02-19,-3.300402778
2015-02-20,-1.628444444
2015-02-21,-1.535111111
2015-02-22,-3.647208333
2015-02-23,-4.593569444
2015-02-24,-2.662597222
2015-02-25,-2.141583333
2015-02-26,-3.954763889
2015-02-27,-5.030416667
2015-02-28,-4.642013889
2015-03-01,-4.834652778
2015-03-02,-4.309347222
2015-03-03,-3.755958333
2015-03-04,-5.277055556
2015-03-05,-5.327319444
2015-03-06,-3.206319444
2015-03-07,-1.504430556
2015-03-08,-0.920916667
2015-03-09,-0.601708333
2015-03-10,-0.400930556
2015-03-11,-0.299208333
2015-03-12,-0.155083333
2015-03-13,0.382666667
2015-03-14,0.960041667
2015-03-15,2.208486111
2015-03-16,2.418763889
2015-03-17,0.938583333
2015-03-18,0.600986111
2015-03-19,0.644916667
2015-03-20,1.541791667
2015-03-21,1.912638889
2015-03-22,1.706888889
2015-03-23,1.786958333
2015-03-24,2.004208333
2015-03-25,1.071888889
2015-03-26,0.729333333
2015-03-27,1.571763889
2015-03-28,3.177736111
2015-03-29,4.554763889
2015-03-30,4.788111111
2015-03-31,5.400847222
2015-04-01,6.291513889
2015-04-02,4.748347222
2015-04-03,3.250069444
2015-04-04,3.480458333
2015-04-05,4.442694444
2015-04-06,3.509194444
2015-04-07,3.183041667
2015-04-08,3.766277778
2015-04-09,3.774875
2015-04-10,4.777083333
2015-04-11,6.268555556
2015-04-12,6.999777778
2015-04-13,6.262180556
2015-04-14,6.953458333
2015-04-15,8.562194444
2015-04-16,9.191388889
2015-04-17,9.0055
2015-04-18,9.468611111
2015-04-19,8.533930556
2015-04-20,6.927208333
2015-04-21,6.826972222
2015-04-22,7.035930556
2015-04-23,7.231486111
2015-04-24,7.885777778
2015-04-25,8.68375
2015-04-26,8.196555556
2015-04-27,7.792333333
2015-04-28,8.041486111
2015-04-29,9.61625
2015-04-30,10.37388889
2015-05-01,10.16277778
2015-05-02,10.81777778
2015-05-03,11.59611111
2015-05-04,11.35486111
2015-05-05,11.73833333
2015-05-06,12.49388889
2015-05-07,11.81263889
2015-05-08,11.44638889
2015-05-09,10.90375
2015-05-10,9.540555556
2015-05-11,9.199652778
2015-05-12,9.851805556
2015-05-13,10.3975
2015-05-14,10.87666667
2015-05-15,10.54805556
2015-05-16,11.05611111
2015-05-17,11.03805556
2015-05-18,9.608333333
2015-05-19,10.23125
2015-05-20,11.11583333
2015-05-21,12.15486111
2015-05-22,13.00902778
2015-05-23,13.15444444
2015-05-24,13.22986111
2015-05-25,13.44777778
2015-05-26,13.85361111
2015-05-27,14.71569444
2015-05-28,15.24791667
2015-05-29,15.32166667
2015-05-30,14.19638889
2015-05-31,14.04916667
2015-06-01,14.92430556
2015-06-02,16.77527778
2015-06-03,17.05
2015-06-04,15.89513889
2015-06-05,15.87861111
2015-06-06,17.62638889
2015-06-07,18.34513889
2015-06-08,18.72083333
2015-06-09,19.65375
2015-06-10,18.94541667
2015-06-11,17.92527778
2015-06-12,18.11458333
2015-06-13,19.17416667
2015-06-14,19.00236111
2015-06-15,18.52736111
2015-06-16,17.36972222
2015-06-17,17.43125
2015-06-18,17.74805556
2015-06-19,17.83083333
2015-06-20,18.84166667
2015-06-21,19.20597222
2015-06-22,19.20472222
2015-06-23,19.17194444
2015-06-24,18.75486111
2015-06-25,19.11388889
2015-06-26,19.36763889
2015-06-27,20.70791667
2015-06-28,21.15972222
2015-06-29,22.12333333
2015-06-30,22.47958333
2015-07-01,21.41263889
2015-07-02,21.48736111
2015-07-03,21.78972222
2015-07-04,22.30791667
2015-07-05,21.87930556
2015-07-06,20.66708333
2015-07-07,19.8575
2015-07-08,19.59611111
2015-07-09,20.20180556
2015-07-10,20.97347222
2015-07-11,22.06638889
2015-07-12,22.45208333
2015-07-13,22.27361111
2015-07-14,22.29416667
2015-07-15,22.82805556
2015-07-16,23.05861111
2015-07-17,22.91027778
2015-07-18,21.88138889
2015-07-19,21.75875
2015-07-20,22.07805556
2015-07-21,22.20305556
2015-07-22,22.69180556
2015-07-23,23.32291667
2015-07-24,23.31375
2015-07-25,23.27444444
2015-07-26,23.14930556
2015-07-27,23.03888889
2015-07-28,22.13861111
2015-07-29,21.03194444
2015-07-30,21.43597222
2015-07-31,21.93708333
2015-08-01,22.50958333
2015-08-02,22.69305556
2015-08-03,22.59513889
2015-08-04,22.81291667
2015-08-05,23.22972222
2015-08-06,22.85027778
2015-08-07,22.04152778
2015-08-08,21.64055556
2015-08-09,21.88236111
2015-08-10,21.67152778
2015-08-11,22.11111111
2015-08-12,23.21541667
2015-08-13,23.91625
2015-08-14,23.89430556
2015-08-15,24.24111111
2015-08-16,22.90444444
2015-08-17,21.31222222
2015-08-18,20.57916667
2015-08-19,20.01902778
2015-08-20,19.98486111
2015-08-21,20.43944444
2015-08-22,19.54694444
2015-08-23,16.80847222
2015-08-24,17.05694444
2015-08-25,17.88194444
2015-08-26,18.39930556
2015-08-27,19.79166667
2015-08-28,20.53125
2015-08-29,20.43347222
2015-08-30,20.93013889
2015-08-31,20.90194444
2015-09-01,20.52902778
2015-09-02,21.18611111
2015-09-03,21.76833333
2015-09-04,21.70944444
2015-09-05,21.09763889
2015-09-06,20.28263889
2015-09-07,18.36486111
2015-09-08,17.59625
2015-09-09,17.42458333
2015-09-10,17.51694444
2015-09-11,16.81125
2015-09-12,17.28305556
2015-09-13,18.09930556
2015-09-14,18.58277778
2015-09-15,18.79194444
2015-09-16,18.65125
2015-09-17,17.42680556
2015-09-18,16.31458333
2015-09-19,15.70541667
2015-09-20,15.79472222
2015-09-21,16.49069444
2015-09-22,16.57861111
2015-09-23,16.01763889
2015-09-24,16.84319444
2015-09-25,17.57958333
2015-09-26,18.01763889
2015-09-27,18.52444444
2015-09-28,17.90472222
2015-09-29,16.38888889
2015-09-30,16.49125
2015-10-01,17.18638889
2015-10-02,16.45361111
2015-10-03,14.15708333
2015-10-04,12.92930556
2015-10-05,12.70819444
2015-10-06,12.04958333
2015-10-07,12.31680556
2015-10-08,12.53458333
2015-10-09,12.08333333
2015-10-10,13.03402778
2015-10-11,13.46166667
2015-10-12,12.90861111
2015-10-13,12.22222222
2015-10-14,11.8475
2015-10-15,11.06444444
2015-10-16,9.927097222
2015-10-17,9.645861111
2015-10-18,9.983194444
2015-10-19,11.27263889
2015-10-20,11.54861111
2015-10-21,11.07472222
2015-10-22,10.21638889
2015-10-23,10.40972222
2015-10-24,8.903291667
2015-10-25,8.190666667
2015-10-26,7.582027778
2015-10-27,7.796861111
2015-10-28,6.590291667
2015-10-29,5.514347222
2015-10-30,5.680041667
2015-10-31,6.611263889
2015-11-01,7.101055556
2015-11-02,7.03825
2015-11-03,6.943027778
2015-11-04,6.809694444
2015-11-05,6.439027778
2015-11-06,5.327680556
2015-11-07,4.273680556
2015-11-08,4.361375
2015-11-09,4.556236111
2015-11-10,4.128444444
2015-11-11,3.957541667
2015-11-12,3.479333333
2015-11-13,2.752694444
2015-11-14,3.298055556
2015-11-15,4.069152778
2015-11-16,4.245347222
2015-11-17,3.856222222
2015-11-18,3.043194444
2015-11-19,2.130027778
2015-11-20,1.345208333
2015-11-21,0.882236111
2015-11-22,0.720777778
2015-11-23,0.702833333
2015-11-24,0.696680556
2015-11-25,0.691638889
2015-11-26,0.523541667
2015-11-27,0.041458333
2015-11-28,-0.388361111
2015-11-29,-0.779375
2015-11-30,-0.570347222
2015-12-01,-0.375527778
2015-12-02,-0.592916667
2015-12-03,-0.553555556
2015-12-04,-0.296305556
2015-12-05,-0.147472222
2015-12-06,-0.189194444
2015-12-07,-0.070888889
2015-12-08,0.079638889
2015-12-09,0.183
2015-12-10,0.235722222
2015-12-11,0.290805556
2015-12-12,0.354375
2015-12-13,0.437
2015-12-14,0.448027778
2015-12-15,0.421430556
2015-12-16,0.318805556
2015-12-17,0.091041667
2015-12-18,-0.277402778
2015-12-19,-0.583708333
2015-12-20,-0.421611111
2015-12-21,-0.437791667
2015-12-22,-0.648680556
2015-12-23,-0.795986111
2015-12-24,-0.892236111
2015-12-25,-1.200916667
2015-12-26,-1.924194444
2015-12-27,-2.854083333
2015-12-28,-3.352736111
2015-12-29,-3.453361111
2015-12-30,-2.903916667
2015-12-31,-2.750180556
2016-01-01,-2.697277778
2016-01-02,-2.559819444
2016-01-03,-2.842666667
2016-01-04,-3.097055556
2016-01-05,-2.982986111
2016-01-06,-2.857486111
2016-01-07,-2.749027778
2016-01-08,-2.959194444
2016-01-09,-4.044263889
2016-01-10,-5.471375
2016-01-11,-4.712819444
2016-01-12,-4.404611111
2016-01-13,-3.930444444
2016-01-14,-2.505555556
2016-01-15,-2.362625
2016-01-16,-3.296180556
2016-01-17,-5.046097222
2016-01-18,-5.929680556
2016-01-19,-5.176847222
2016-01-20,-4.604138889
2016-01-21,-4.174291667
2016-01-22,-3.617055556
2016-01-23,-2.736847222
2016-01-24,-1.687097222
2016-01-25,-1.477069444
2016-01-26,-1.989458333
2016-01-27,-1.592541667
2016-01-28,-1.040027778
2016-01-29,-0.586180556
2016-01-30,-0.385347222
2016-01-31,-0.344361111
2016-02-01,-0.620861111
2016-02-02,-0.658541667
2016-02-03,-1.566444444
2016-02-04,-2.159597222
2016-02-05,-1.402555556
2016-02-06,-1.056916667
2016-02-07,-0.648486111
2016-02-08,-1.153777778
2016-02-09,-0.993791667
2016-02-10,-0.713819444
2016-02-11,-0.504722222
2016-02-12,-0.592180556
2016-02-13,-1.03675
2016-02-14,-0.943930556
2016-02-15,-0.422708333
2016-02-16,-0.157972222
2016-02-17,-0.033555556
2016-02-18,0.034861111
2016-02-19,0.080986111
2016-02-20,0.080013889
2016-02-21,0.071569444
2016-02-22,0.146138889
2016-02-23,0.132291667
2016-02-24,0.143777778
2016-02-25,0.190916667
2016-02-26,0.201486111
2016-02-27,0.297111111
2016-02-28,1.117513889
2016-02-29,1.196791667
2016-03-01,0.550055556
2016-03-02,0.450055556
2016-03-03,0.429583333
2016-03-04,0.829833333
2016-03-05,1.425166667
2016-03-06,2.667305556
2016-03-07,3.918722222
2016-03-08,3.902597222
2016-03-09,3.089666667
2016-03-10,3.125916667
2016-03-11,4.179138889
2016-03-12,4.597166667
2016-03-13,5.761972222
2016-03-14,5.837847222
2016-03-15,5.732638889
2016-03-16,4.820305556
2016-03-17,3.812791667
2016-03-18,2.638263889
2016-03-19,2.070416667
2016-03-20,2.045652778
2016-03-21,2.931555556
2016-03-22,3.846138889
2016-03-23,3.836388889
2016-03-24,3.673375
2016-03-25,4.026736111
2016-03-26,3.030763889
2016-03-27,4.080166667
2016-03-28,5.19025
2016-03-29,6.051208333
2016-03-30,6.200611111
2016-03-31,5.899291667
2016-04-01,4.836152778
2016-04-02,5.555166667
2016-04-03,6.887666667
2016-04-04,7.186763889
2016-04-05,8.040888889
2016-04-06,7.310194444
2016-04-07,6.780222222
2016-04-08,6.664972222
2016-04-09,7.191361111
2016-04-10,7.108597222
2016-04-11,6.064472222
2016-04-12,6.901944444
2016-04-13,8.120861111
2016-04-14,9.271805556
2016-04-15,10.01027778
2016-04-16,8.335763889
2016-04-17,6.296819444
2016-04-18,5.673083333
2016-04-19,6.695722222
2016-04-20,8.557375
2016-04-21,9.905416667
2016-04-22,10.11763889
2016-04-23,10.78819444
2016-04-24,10.12541667
2016-04-25,7.921055556
2016-04-26,6.634902778
2016-04-27,5.576805556
2016-04-28,5.783611111
2016-04-29,7.191444444
2016-04-30,8.025361111
2016-05-01,8.668625
2016-05-02,9.708194444
2016-05-03,10.51541667
2016-05-04,11.96208333
2016-05-05,13.69472222
2016-05-06,14.42402778
2016-05-07,13.92944444
2016-05-08,14.07680556
2016-05-09,13.89652778
2016-05-10,13.31444444
2016-05-11,11.92263889
2016-05-12,11.5875
2016-05-13,11.22458333
2016-05-14,10.48902778
2016-05-15,11.17597222
2016-05-16,12.32638889
2016-05-17,13.20875
2016-05-18,14.00138889
2016-05-19,14.86680556
2016-05-20,15.97402778
2016-05-21,16.24013889
2016-05-22,16.89444444
2016-05-23,16.51111111
2016-05-24,16.17708333
2016-05-25,16.29847222
2016-05-26,15.3475
2016-05-27,15.45138889
2016-05-28,16.06069444
2016-05-29,16.42819444
2016-05-30,16.11291667
2016-05-31,14.25138889
2016-06-01,13.97541667
2016-06-02,15.37458333
2016-06-03,16.69819444
2016-06-04,16.96319444
2016-06-05,17.59527778
2016-06-06,17.77208333
2016-06-07,18.40083333
2016-06-08,19.04652778
2016-06-09,20.45
2016-06-10,21.75930556
2016-06-11,21.93194444
2016-06-12,21.17333333
2016-06-13,20.28152778
2016-06-14,19.83541667
2016-06-15,20.24847222
2016-06-16,21.46388889
2016-06-17,22.05625
2016-06-18,21.75638889
2016-06-19,22.40222222
2016-06-20,21.54055556
2016-06-21,21.75777778
2016-06-22,21.22
2016-06-23,20.27416667
2016-06-24,21.91444444
2016-06-25,21.74930556
2016-06-26,20.35805556
2016-06-27,20.66583333
2016-06-28,21.08777778
2016-06-29,21.94930556
2016-06-30,21.83125
2016-07-01,21.38277778
2016-07-02,21.63194444
2016-07-03,22.53541667
2016-07-04,23.15208333
2016-07-05,23.31875
2016-07-06,22.50638889
2016-07-07,20.81458333
2016-07-08,20.93611111
2016-07-09,22.61458333
2016-07-10,23.08736111
2016-07-11,21.0475
2016-07-12,20.09777778
2016-07-13,19.67680556
2016-07-14,20.07055556
2016-07-15,20.42166667
2016-07-16,20.71305556
2016-07-17,20.90777778
2016-07-18,21.53194444
2016-07-19,22.60625
2016-07-20,24.03791667
2016-07-21,24.91152778
2016-07-22,24.71527778
2016-07-23,23.65541667
2016-07-24,22.80680556
2016-07-25,23.53527778
2016-07-26,23.42208333
2016-07-27,21.96527778
2016-07-28,20.97111111
2016-07-29,20.60222222
2016-07-30,21.7225
2016-07-31,22.83541667
2016-08-01,22.79597222
2016-08-02,22.94888889
2016-08-03,23.3125
2016-08-04,22.34444444
2016-08-05,21.98222222
2016-08-06,22.575
2016-08-07,22.58013889
2016-08-08,23.26194444
2016-08-09,22.99430556
2016-08-10,23.15361111
2016-08-11,23.71055556
2016-08-12,23.0225
2016-08-13,22.1775
2016-08-14,22.03458333
2016-08-15,22.77736111
2016-08-16,22.85791667
2016-08-17,23.45777778
2016-08-18,23.17472222
2016-08-19,20.29875
2016-08-20,18.81416667
2016-08-21,19.27375
2016-08-22,20.69833333
2016-08-23,21.28555556
2016-08-24,20.20111111
2016-08-25,19.39180556
2016-08-26,18.71277778
2016-08-27,18.96597222
2016-08-28,19.97763889
2016-08-29,21.02361111
2016-08-30,20.68944444
2016-08-31,20.86944444
2016-09-01,21.25041667
2016-09-02,21.10819444
2016-09-03,21.06083333
2016-09-04,19.7625
2016-09-05,17.43152778
2016-09-06,17.29375
2016-09-07,17.10430556
2016-09-08,15.63263889
2016-09-09,14.88708333
2016-09-10,14.44916667
2016-09-11,15.17611111
2016-09-12,15.00611111
2016-09-13,13.86861111
2016-09-14,14.57319444
2016-09-15,14.96333333
2016-09-16,14.56194444
2016-09-17,15.02569444
2016-09-18,16.03694444
2016-09-19,15.30708333
2016-09-20,15.66736111
2016-09-21,16.07944444
2016-09-22,15.195
2016-09-23,14.18069444
2016-09-24,14.75625
2016-09-25,14.33333333
2016-09-26,13.05472222
2016-09-27,13.41416667
2016-09-28,14.44375
2016-09-29,14.45541667
2016-09-30,14.51736111
2016-10-01,14.68375
2016-10-02,15.49430556
2016-10-03,15.29541667
2016-10-04,14.20013889
2016-10-05,11.24069444
2016-10-06,9.149208333
2016-10-07,8.2625
2016-10-08,8.3095
2016-10-09,8.974555556
2016-10-10,9.795555556
2016-10-11,8.732541667
2016-10-12,7.598555556
2016-10-13,7.200875
2016-10-14,8.295527778
2016-10-15,9.473333333
2016-10-16,9.741666667
2016-10-17,9.270555556
2016-10-18,9.265833333
2016-10-19,8.366777778
2016-10-20,8.277
2016-10-21,8.567652778
2016-10-22,8.433236111
2016-10-23,8.736458333
2016-10-24,8.282347222
2016-10-25,8.718555556
2016-10-26,8.951305556
2016-10-27,9.636527778
2016-10-28,10.1925
2016-10-29,9.737222222
2016-10-30,9.082083333
2016-10-31,9.020972222
2016-11-01,8.944722222
2016-11-02,8.568416667
2016-11-03,8.150583333
2016-11-04,8.266763889
2016-11-05,8.517819444
2016-11-06,8.495277778
2016-11-07,8.371138889
2016-11-08,7.474486111
2016-11-09,7.530972222
2016-11-10,7.864263889
2016-11-11,6.667569444
2016-11-12,6.755388889
2016-11-13,7.220638889
2016-11-14,7.11575
2016-11-15,7.415805556
2016-11-16,7.590986111
2016-11-17,6.718583333
2016-11-18,5.323083333
2016-11-19,3.827583333
2016-11-20,3.722416667
2016-11-21,3.746041667
2016-11-22,4.078083333
2016-11-23,4.09525
2016-11-24,3.82925
2016-11-25,2.957722222
2016-11-26,2.73475
2016-11-27,2.772902778
2016-11-28,3.054638889
2016-11-29,3.006194444
2016-11-30,2.590625
2016-12-01,2.299180556
2016-12-02,2.217277778
2016-12-03,1.687263889
2016-12-04,1.446986111
2016-12-05,1.256652778
2016-12-06,0.292791667
2016-12-07,-0.730055556
2016-12-08,-1.766472222
2016-12-09,-3.159138889
2016-12-10,-4.167597222
2016-12-11,-3.905263889
2016-12-12,-3.791625
2016-12-13,-4.332055556
2016-12-14,-4.790861111
2016-12-15,-5.755763889
2016-12-16,-5.522444444
2016-12-17,-6.469625
2016-12-18,-7.443916667
2016-12-19,-5.998555556
2016-12-20,-4.493111111
2016-12-21,-3.276319444
2016-12-22,-3.157333333
2016-12-23,-3.63825
2016-12-24,-3.808430556
2016-12-25,-4.113902778
2016-12-26,-4.197527778
2016-12-27,-4.537138889
2016-12-28,-3.966402778
2016-12-29,-3.534805556
2016-12-30,-3.410875
2016-12-31,-3.314638889
2017-01-01,-3.325388889
2017-01-02,-3.800138889
2017-01-03,-4.685944444
2017-01-04,-5.804208333
2017-01-05,-6.133944444
2017-01-06,-6.160027778
2017-01-07,-6.670736111
2017-01-08,-6.801222222
2017-01-09,-6.357958333
2017-01-10,-5.935902778
2017-01-11,-6.056513889
2017-01-12,-6.594736111
2017-01-13,-7.092361111
2017-01-14,-6.925694444
2017-01-15,-6.707430556
2017-01-16,-6.201180556
2017-01-17,-5.832486111
2017-01-18,-4.981861111
2017-01-19,-4.291111111
2017-01-20,-4.033402778
2017-01-21,-3.506222222
2017-01-22,-3.276486111
2017-01-23,-3.004138889
2017-01-24,-2.838972222
2017-01-25,-3.064472222
2017-01-26,-3.329875
2017-01-27,-3.312652778
2017-01-28,-2.890263889
2017-01-29,-2.367305556
2017-01-30,-1.970111111
2017-01-31,-1.740208333
2017-02-01,-2.134958333
2017-02-02,-2.878791667
2017-02-03,-3.994791667
2017-02-04,-4.465944444
2017-02-05,-4.449069444
2017-02-06,-4.578986111
2017-02-07,-4.713444444
2017-02-08,-5.172819444
2017-02-09,-5.66025
2017-02-10,-4.481722222
2017-02-11,-2.436527778
2017-02-12,-1.338875
2017-02-13,-0.833458333
2017-02-14,-0.208527778
2017-02-15,0.027458333
2017-02-16,0.066055556
2017-02-17,0.088763889
2017-02-18,0.082819444
2017-02-19,0.380777778
2017-02-20,1.070027778
2017-02-21,1.131777778
2017-02-22,0.822597222
2017-02-23,0.264097222
2017-02-24,0.068305556
2017-02-25,0.047027778
2017-02-26,0.039791667
2017-02-27,-0.019875
2017-02-28,-0.051527778
2017-03-01,-0.040111111
2017-03-02,-0.051861111
2017-03-03,-0.043097222
2017-03-04,0.033583333
2017-03-05,0.071958333
2017-03-06,0.011791667
2017-03-07,0.009652778
2017-03-08,-0.065291667
2017-03-09,-0.204583333
2017-03-10,-0.608736111
2017-03-11,-0.702875
2017-03-12,-0.879208333
2017-03-13,-1.288291667
2017-03-14,-1.234361111
2017-03-15,-0.738430556
2017-03-16,-0.280263889
2017-03-17,-0.13575
2017-03-18,-0.061111111
2017-03-19,0.046402778
2017-03-20,0.153013889
2017-03-21,0.017597222
2017-03-22,0.211125
2017-03-23,0.538041667
2017-03-24,1.347805556
2017-03-25,2.268805556
2017-03-26,3.592513889
2017-03-27,3.978347222
2017-03-28,4.016916667
2017-03-29,4.944208333
2017-03-30,5.415861111
2017-03-31,6.074055556
2017-04-01,6.770736111
2017-04-02,7.102027778
2017-04-03,6.977916667
2017-04-04,6.745666667
2017-04-05,6.197152778
2017-04-06,6.422805556
2017-04-07,7.666361111
2017-04-08,8.865763889
2017-04-09,8.219666667
2017-04-10,7.285152778
2017-04-11,7.193194444
2017-04-12,7.689055556
2017-04-13,8.412444444
2017-04-14,9.877916667
2017-04-15,9.503611111
2017-04-16,8.174694444
2017-04-17,7.044680556
2017-04-18,7.552013889
2017-04-19,7.958944444
2017-04-20,7.867236111
2017-04-21,8.548319444
2017-04-22,9.439680556
2017-04-23,8.653888889
2017-04-24,7.044375
2017-04-25,5.740055556
2017-04-26,5.914638889
2017-04-27,7.073208333
2017-04-28,7.857986111
2017-04-29,8.726069444
2017-04-30,9.5265
2017-05-01,10.28638889
2017-05-02,10.13444444
2017-05-03,10.27222222
2017-05-04,10.99277778
2017-05-05,12.85208333
2017-05-06,14.12708333
2017-05-07,14.89
2017-05-08,15.35319444
2017-05-09,14.19194444
2017-05-10,13.64347222
2017-05-11,14.27861111
2017-05-12,15.19111111
2017-05-13,16.4325
2017-05-14,16.58430556
2017-05-15,15.46472222
2017-05-16,14.90430556
2017-05-17,14.24027778
2017-05-18,12.87138889
2017-05-19,12.41430556
2017-05-20,12.85791667
2017-05-21,13.16680556
2017-05-22,13.63638889
2017-05-23,13.84486111
2017-05-24,14.65555556
2017-05-25,15.20125
2017-05-26,15.00305556
2017-05-27,14.91222222
2017-05-28,15.32194444
2017-05-29,15.25597222
2017-05-30,15.25847222
2017-05-31,15.99680556
2017-06-01,17.39888889
2017-06-02,19.13083333
2017-06-03,19.52819444
2017-06-04,19.98444444
2017-06-05,20.86972222
2017-06-06,20.44902778
2017-06-07,19.98152778
2017-06-08,20.64875
2017-06-09,21.64708333
2017-06-10,21.67097222
2017-06-11,20.94638889
2017-06-12,20.65666667
2017-06-13,20.43444444
2017-06-14,19.31291667
2017-06-15,18.95680556
2017-06-16,19.16055556
2017-06-17,18.28888889
2017-06-18,17.37291667
2017-06-19,18.22194444
2017-06-20,18.67763889
2017-06-21,19.66541667
2017-06-22,20.13694444
2017-06-23,19.48166667
2017-06-24,18.69944444
2017-06-25,18.44152778
2017-06-26,19.31
2017-06-27,20.57791667
2017-06-28,21.53236111
2017-06-29,21.28541667
2017-06-30,19.56375
2017-07-01,20.15125
2017-07-02,21.2575
2017-07-03,21.54611111
2017-07-04,22.61555556
2017-07-05,23.66833333
2017-07-06,24.09083333
2017-07-07,24.02236111
2017-07-08,24.49861111
2017-07-09,25.29194444
2017-07-10,24.92375
2017-07-11,24.66777778
2017-07-12,23.88166667
2017-07-13,23.46833333
2017-07-14,24.42361111
2017-07-15,25.11138889
2017-07-16,25.28583333
2017-07-17,25.85430556
2017-07-18,25.55611111
2017-07-19,25.20833333
2017-07-20,24.46541667
2017-07-21,24.22097222
2017-07-22,23.75527778
2017-07-23,23.77430556
2017-07-24,24.90513889
2017-07-25,25.22763889
2017-07-26,25.34402778
2017-07-27,25.13569444
2017-07-28,24.42944444
2017-07-29,24.93027778
2017-07-30,24.98388889
2017-07-31,26.06055556
2017-08-01,25.29111111
2017-08-02,22.43902778
2017-08-03,20.66513889
2017-08-04,20.9725
2017-08-05,20.39430556
2017-08-06,18.89722222
2017-08-07,18.97319444
2017-08-08,20.12888889
2017-08-09,19.95194444
2017-08-10,19.71347222
2017-08-11,20.3375
2017-08-12,20.30666667
2017-08-13,19.40777778
2017-08-14,19.18194444
2017-08-15,18.86472222
2017-08-16,19.30319444
2017-08-17,20.16458333
2017-08-18,20.56375
2017-08-19,20.89208333
2017-08-20,20.05222222
2017-08-21,19.47819444
2017-08-22,19.22472222
2017-08-23,20.24388889
2017-08-24,21.29569444
2017-08-25,20.88402778
2017-08-26,19.93555556
2017-08-27,20.73486111
2017-08-28,21.14416667
2017-08-29,21.48944444
2017-08-30,21.72724638
2017-08-31,21.78086957
2017-09-01,21.77388889
2017-09-02,21.09861111
2017-09-03,21.13819444
2017-09-04,20.17138889
2017-09-05,19.05458333
2017-09-06,18.76319444
2017-09-07,19.30680556
2017-09-08,20.02347222
2017-09-09,20.61472222
2017-09-10,21.0925
2017-09-11,20.68972222
2017-09-12,21.11638889
2017-09-13,20.37486111
2017-09-14,20.23222222
2017-09-15,17.46611111
2017-09-16,13.30472222
2017-09-17,12.40791667
2017-09-18,13.46722222
2017-09-19,14.31819444
2017-09-20,12.99472222
2017-09-21,13.50791667
2017-09-22,13.10375
2017-09-23,11.70236111
2017-09-24,10.87625
2017-09-25,10.66180556
2017-09-26,11.07486111
2017-09-27,11.26208333
2017-09-28,12.06847222
2017-09-29,12.44291667
2017-09-30,12.88916667
2017-10-01,12.73263889
2017-10-02,11.57388889
2017-10-03,9.74875
2017-10-04,9.219180556
2017-10-05,9.9875
2017-10-06,10.01095833
2017-10-07,10.79333333
2017-10-08,10.87041667
2017-10-09,9.488152778
2017-10-10,9.064611111
2017-10-11,9.528152778
2017-10-12,9.419861111
2017-10-13,8.247375
2017-10-14,7.996416667
2017-10-15,7.334152778
2017-10-16,7.797597222
2017-10-17,8.553902778
2017-10-18,9.724166667
2017-10-19,9.526611111
2017-10-20,10.21097222
2017-10-21,10.56694444
2017-10-22,8.979805556
2017-10-23,9.346388889
2017-10-24,8.689263889
2017-10-25,8.961152778
2017-10-26,8.967472222
2017-10-27,5.991513889
2017-10-28,5.502930556
2017-10-29,7.028375
2017-10-30,5.820833333
2017-10-31,4.392416667
2017-11-01,4.793541667
2017-11-02,4.412916667
2017-11-03,3.589694444
2017-11-04,3.365291667
2017-11-05,2.733847222
2017-11-06,2.238208333
2017-11-07,1.624736111
2017-11-08,1.210166667
2017-11-09,1.015847222
2017-11-10,0.784333333
2017-11-11,0.920611111
2017-11-12,1.227888889
2017-11-13,1.751888889
2017-11-14,2.312458333
2017-11-15,2.130055556
2017-11-16,1.230611111
2017-11-17,1.05025
2017-11-18,0.9055
2017-11-19,0.448930556
2017-11-20,0.518041667
2017-11-21,0.025055556
2017-11-22,-0.560069444
2017-11-23,0.063333333
2017-11-24,1.607777778
2017-11-25,1.759916667
2017-11-26,1.902638889
2017-11-27,3.126125
2017-11-28,2.436763889
2017-11-29,1.730180556
2017-11-30,1.424527778
2017-12-01,1.181402778
2017-12-02,0.998583333
2017-12-03,0.935930556
2017-12-04,0.971708333
2017-12-05,0.545763889
2017-12-06,0.359944444
2017-12-07,-0.170444444
2017-12-08,-0.213375
2017-12-09,-0.245375
2017-12-10,-0.014375
2017-12-11,0.205819444
2017-12-12,0.262333333
2017-12-13,0.424680556
2017-12-14,0.583875
2017-12-15,0.5505
2017-12-16,0.616222222
2017-12-17,0.431041667
2017-12-18,0.342736111
2017-12-19,0.381819444
2017-12-20,0.260597222
2017-12-21,-0.218583333
2017-12-22,-0.601958333
2017-12-23,-0.992180556
2017-12-24,-1.525402778
2017-12-25,-2.742333333
2017-12-26,-4.573680556
2017-12-27,-5.958875
2017-12-28,-5.953222222
2017-12-29,-6.162236111
2017-12-30,-6.736472222
2017-12-31,-7.466069444
2018-01-01,-8.304388889
2018-01-02,-7.815944444
2018-01-03,-6.222652778
2018-01-04,-5.543722222
2018-01-05,-5.066902778
2018-01-06,-4.883097222
2018-01-07,-3.494763889
2018-01-08,-3.263055556
2018-01-09,-2.355055556
2018-01-10,-2.031138889
2018-01-11,-4.361541667
2018-01-12,-6.900972222
2018-01-13,-8.637319444
2018-01-14,-7.929416667
2018-01-15,-8.953638889
2018-01-16,-10.53277778
2018-01-17,-9.074319444
2018-01-18,-7.059986111
2018-01-19,-4.761847222
2018-01-20,-3.158055556
2018-01-21,-3.390819444
2018-01-22,-4.134541667
2018-01-23,-3.753958333
2018-01-24,-4.046055556
2018-01-25,-3.648472222
2018-01-26,-2.910347222
2018-01-27,-3.711402778
2018-01-28,-5.681958333
2018-01-29,-5.344652778
2018-01-30,-4.083847222
2018-01-31,-3.424402778
2018-02-01,-6.801208333
2018-02-02,-6.885319444
2018-02-03,-5.657097222
2018-02-04,-6.915319444
2018-02-05,-7.620555556
2018-02-06,-8.601944444
2018-02-07,-8.809944444
2018-02-08,-8.248597222
2018-02-09,-8.336402778
2018-02-10,-8.882986111
2018-02-11,-8.739902778
2018-02-12,-9.194027778
2018-02-13,-8.970222222
2018-02-14,-7.056430556
2018-02-15,-5.104763889
2018-02-16,-6.830986111
2018-02-17,-6.332930556
2018-02-18,-6.283875
2018-02-19,-7.137597222
2018-02-20,-7.700513889
2018-02-21,-8.589361111
2018-02-22,-8.914180556
2018-02-23,-8.874305556
2018-02-24,-8.579555556
2018-02-25,-7.348708333
2018-02-26,-6.274097222
2018-02-27,-5.409138889
2018-02-28,-5.148194444
2018-03-01,-4.769027778
2018-03-02,-3.332125
2018-03-03,-2.408152778
2018-03-04,-1.772875
2018-03-05,-2.062055556
2018-03-06,-3.074888889
2018-03-07,-4.007763889
2018-03-08,-4.591013889
2018-03-09,-3.955611111
2018-03-10,-3.499791667
2018-03-11,-3.707152778
2018-03-12,-2.874208333
2018-03-13,-0.884055556
2018-03-14,0.005361111
2018-03-15,0.028680556
2018-03-16,0.029555556
2018-03-17,0.088111111
2018-03-18,0.03725
2018-03-19,0.032277778
2018-03-20,0.035625
2018-03-21,0.282472222
2018-03-22,0.554944444
2018-03-23,0.404972222
2018-03-24,0.191111111
2018-03-25,0.837138889
2018-03-26,0.972777778
2018-03-27,0.989263889
2018-03-28,1.389180556
2018-03-29,1.283597222
2018-03-30,0.922027778
2018-03-31,0.3495
2018-04-01,0.134319444
2018-04-02,0.081486111
2018-04-03,0.053111111
2018-04-04,0.004708333
2018-04-05,0.034777778
2018-04-06,0.013805556
2018-04-07,-0.043263889
2018-04-08,0.019902778
2018-04-09,0.065930556
2018-04-10,0.120430556
2018-04-11,0.362055556
2018-04-12,0.602166667
2018-04-13,0.447722222
2018-04-14,0.709194444
2018-04-15,1.205708333
2018-04-16,1.504930556
2018-04-17,1.282791667
2018-04-18,1.912819444
2018-04-19,3.313138889
2018-04-20,4.370486111
2018-04-21,5.438361111
2018-04-22,6.595222222
2018-04-23,6.587638889
2018-04-24,6.180611111
2018-04-25,6.642277778
2018-04-26,7.351152778
2018-04-27,8.379069444
2018-04-28,8.623166667
2018-04-29,9.771527778
2018-04-30,9.81375
2018-05-01,8.356
2018-05-02,8.767541667
2018-05-03,9.600402778
2018-05-04,10.54583333
2018-05-05,12.06152778
2018-05-06,13.11402778
2018-05-07,13.87041667
2018-05-08,14.45791667
2018-05-09,14.79138889
2018-05-10,12.70263889
2018-05-11,9.916666667
2018-05-12,9.653333333
2018-05-13,11.26569444
2018-05-14,12.86180556
2018-05-15,13.69138889
2018-05-16,15.03972222
2018-05-17,15.63694444
2018-05-18,13.88666667
2018-05-19,12.73958333
2018-05-20,13.15833333
2018-05-21,13.94875
2018-05-22,15.31833333
2018-05-23,16.00305556
2018-05-24,16.65333333
2018-05-25,17.71305556
2018-05-26,18.66388889
2018-05-27,19.37958333
2018-05-28,18.47
2018-05-29,17.81333333
2018-05-30,18.93708333
2018-05-31,18.70638889
2018-06-01,17.93611111
2018-06-02,17.20111111
2018-06-03,17.21430556
2018-06-04,18.83222222
2018-06-05,20.4775
2018-06-06,20.47833333
2018-06-07,20.43291667
2018-06-08,21.31638889
2018-06-09,22.205
2018-06-10,22.14375
2018-06-11,21.15597222
2018-06-12,20.02180556
2018-06-13,19.22472222
2018-06-14,20.525
2018-06-15,21.28902778
2018-06-16,19.07805556
2018-06-17,17.28194444
2018-06-18,17.51972222
2018-06-19,18.16888889
2018-06-20,19.06486111
2018-06-21,19.75055556
2018-06-22,20.34638889
2018-06-23,19.99097222
2018-06-24,19.96208333
2018-06-25,20.54375
2018-06-26,21.50041667
2018-06-27,22.16013889
2018-06-28,22.715
2018-06-29,21.89916667
2018-06-30,20.76208333
2018-07-01,20.35833333
2018-07-02,20.50861111
2018-07-03,21.37652778
2018-07-04,21.21805556
2018-07-05,20.90819444
2018-07-06,22.06763889
2018-07-07,23.3975
2018-07-08,23.6775
2018-07-09,22.85388889
2018-07-10,23.03444444
2018-07-11,23.92277778
2018-07-12,23.68763889
2018-07-13,23.87041667
2018-07-14,24.3025
2018-07-15,23.77180556
2018-07-16,23.33597222
2018-07-17,23.57055556
2018-07-18,23.26097222
2018-07-19,22.66208333
2018-07-20,23.06097222
2018-07-21,23.36097222
2018-07-22,22.9075
2018-07-23,22.27166667
2018-07-24,22.74444444
2018-07-25,22.33986111
2018-07-26,20.88097222
2018-07-27,20.71930556
2018-07-28,20.5625
2018-07-29,19.90944444
2018-07-30,20.34430556
2018-07-31,21.37
2018-08-01,21.47166667
2018-08-02,22.01513889
2018-08-03,23.23611111
2018-08-04,23.48305556
2018-08-05,22.90777778
2018-08-06,22.94333333
2018-08-07,23.0475
2018-08-08,23.35375
2018-08-09,23.63111111
2018-08-10,24.20361111
2018-08-11,25.05930556
2018-08-12,25.68486111
2018-08-13,25.17902778
2018-08-14,23.31986111
2018-08-15,23.44430556
2018-08-16,23.99805556
2018-08-17,23.78736111
2018-08-18,23.94569444
2018-08-19,22.84736111
2018-08-20,20.59319444
2018-08-21,20.57791667
2018-08-22,20.43444444
2018-08-23,21.29055556
2018-08-24,21.81638889
2018-08-25,22.33069444
2018-08-26,20.92875
2018-08-27,19.51930556
2018-08-28,17.57486111
2018-08-29,16.79138889
2018-08-30,18.44555556
2018-08-31,19.26597222
2018-09-01,18.67763889
2018-09-02,18.36875
2018-09-03,18.69361111
2018-09-04,18.51305556
2018-09-05,17.14041667
2018-09-06,17.43194444
2018-09-07,18.80694444
2018-09-08,19.22361111
2018-09-09,18.75458333
2018-09-10,18.39291667
2018-09-11,19.04125
2018-09-12,17.95458333
2018-09-13,17.4625
2018-09-14,17.61527778
2018-09-15,16.80333333
2018-09-16,17.1725
2018-09-17,16.53416667
2018-09-18,15.79680556
2018-09-19,15.59222222
2018-09-20,14.14486111
2018-09-21,12.08736111
2018-09-22,12.67222222
2018-09-23,12.45444444
2018-09-24,11.65083333
2018-09-25,11.59652778
2018-09-26,10.50347222
2018-09-27,10.84458333
2018-09-28,9.692402778
2018-09-29,9.669861111
2018-09-30,8.973847222
2018-10-01,8.396
2018-10-02,9.6525
2018-10-03,10.3575
2018-10-04,7.070305556
2018-10-05,5.949111111
2018-10-06,6.135319444
2018-10-07,6.323180556
2018-10-08,5.821444444
2018-10-09,5.970222222
2018-10-10,5.386805556
2018-10-11,4.747041667
2018-10-12,5.569805556
2018-10-13,5.867736111
2018-10-14,4.266472222
2018-10-15,3.480444444
2018-10-16,5.120347222
2018-10-17,6.309402778
2018-10-18,6.870805556
2018-10-19,7.642611111
2018-10-20,6.994805556
2018-10-21,7.170902778
2018-10-22,6.761805556
2018-10-23,6.155847222
2018-10-24,7.004138889
2018-10-25,7.813680556
2018-10-26,7.746986111
2018-10-27,7.772013889
2018-10-28,7.256236111
2018-10-29,7.43575
2018-10-30,6.825527778
2018-10-31,6.034916667
2018-11-01,5.390638889
2018-11-02,5.521263889
2018-11-03,4.965291667
2018-11-04,4.744569444
2018-11-05,4.386958333
2018-11-06,2.937569444
2018-11-07,1.743916667
2018-11-08,1.220347222
2018-11-09,0.828583333
2018-11-10,0.593569444
2018-11-11,0.469347222
2018-11-12,0.288805556
2018-11-13,0.204930556
2018-11-14,0.269097222
2018-11-15,0.360388889
2018-11-16,0.391666667
2018-11-17,0.389833333
2018-11-18,0.462763889
2018-11-19,0.517347222
2018-11-20,0.507277778
2018-11-21,0.537680556
2018-11-22,0.528638889
2018-11-23,0.564111111
2018-11-24,0.544833333
2018-11-25,0.529680556
2018-11-26,0.405847222
2018-11-27,0.269458333
2018-11-28,0.246986111
2018-11-29,0.304569444
2018-11-30,0.321875
2018-12-01,0.355805556
2018-12-02,0.350305556
2018-12-03,0.360763889
2018-12-04,0.280625
2018-12-05,-0.007638889
2018-12-06,-0.434847222
2018-12-07,-1.268416667
2018-12-08,-1.745486111
2018-12-09,-2.340041667
2018-12-10,-2.192152778
2018-12-11,-1.381263889
2018-12-12,-1.354222222
2018-12-13,-0.876819444
2018-12-14,-0.968041667
2018-12-15,-0.955291667
2018-12-16,-0.948888889
2018-12-17,-1.196458333
2018-12-18,-1.159180556
2018-12-19,-0.496416667
2018-12-20,-0.518416667
2018-12-21,-0.736902778
2018-12-22,-0.893166667
2018-12-23,-1.622333333
2018-12-24,-1.649319444
2018-12-25,-1.880555556
2018-12-26,-2.255986111
2018-12-27,-2.034180556
2018-12-28,-2.057361111
2018-12-29,-2.322111111
2018-12-30,-1.735041667
2018-12-31,-2.417125
2019-01-01,-3.907513889
2019-01-02,-3.598319444
2019-01-03,-2.287375
2019-01-04,-1.203347222
2019-01-05,-0.767333333
2019-01-06,-0.652833333
2019-01-07,-0.869875
2019-01-08,-1.839458333
2019-01-09,-4.296402778
2019-01-10,-4.480194444
2019-01-11,-3.376236111
2019-01-12,-4.542513889
2019-01-13,-3.587305556
2019-01-14,-3.065486111
2019-01-15,-3.265652778
2019-01-16,-3.746152778
2019-01-17,-3.831083333
2019-01-18,-4.615819444
2019-01-19,-4.54675
2019-01-20,-4.4435
2019-01-21,-4.394430556
2019-01-22,-4.048152778
2019-01-23,-3.683541667
2019-01-24,-5.080055556
2019-01-25,-5.5935
2019-01-26,-4.547527778
2019-01-27,-3.571833333
2019-01-28,-3.179208333
2019-01-29,-6.013375
2019-01-30,-8.374527778
2019-01-31,-7.709819444
2019-02-01,-5.790625
2019-02-02,-3.991041667
2019-02-03,-5.066
2019-02-04,-6.846388889
2019-02-05,-7.240611111
2019-02-06,-7.254152778
2019-02-07,-7.655805556
2019-02-08,-8.907597222
2019-02-09,-8.99
2019-02-10,-8.567902778
2019-02-11,-8.203902778
2019-02-12,-7.839375
2019-02-13,-7.530138889
2019-02-14,-7.413805556
2019-02-15,-8.570736111
2019-02-16,-8.37325
2019-02-17,-7.752166667
2019-02-18,-7.432875
2019-02-19,-7.685694444
2019-02-20,-7.368416667
2019-02-21,-6.825305556
2019-02-22,-6.7555
2019-02-23,-6.626361111
2019-02-24,-7.196611111
2019-02-25,-8.043430556
2019-02-26,-8.182138889
2019-02-27,-8.041541667
2019-02-28,-7.657111111
2019-03-01,-6.97875
2019-03-02,-7.052541667
2019-03-03,-8.471875
2019-03-04,-9.317083333
2019-03-05,-8.948333333
2019-03-06,-8.780416667
2019-03-07,-8.616583333
2019-03-08,-7.854791667
2019-03-09,-6.426513889
2019-03-10,-6.267680556
2019-03-11,-6.464819444
2019-03-12,-5.801041667
2019-03-13,-4.501125
2019-03-14,-3.3765
2019-03-15,-2.947680556
2019-03-16,-2.290777778
2019-03-17,-1.828055556
2019-03-18,-1.191611111
2019-03-19,-0.548916667
2019-03-20,0.050277778
2019-03-21,0.156138889
2019-03-22,0.332208333
2019-03-23,0.717402778
2019-03-24,0.573888889
2019-03-25,0.369694444
2019-03-26,1.418847222
2019-03-27,2.031041667
2019-03-28,2.038833333
2019-03-29,1.853694444
2019-03-30,1.681986111
2019-03-31,1.872847222
2019-04-01,1.955569444
2019-04-02,2.377597222
2019-04-03,2.437875
2019-04-04,3.646319444
2019-04-05,4.754277778
2019-04-06,4.537361111
2019-04-07,5.040013889
2019-04-08,6.200361111
2019-04-09,5.417847222
2019-04-10,3.447861111
2019-04-11,2.153541667
2019-04-12,2.011847222
2019-04-13,2.686777778
2019-04-14,3.560277778
2019-04-15,4.435263889
2019-04-16,4.309958333
2019-04-17,4.969736111
2019-04-18,5.554986111
2019-04-19,6.716125
2019-04-20,8.877888889
2019-04-21,8.911625
2019-04-22,8.803597222
2019-04-23,9.445333333
2019-04-24,10.26333333
2019-04-25,10.1025
2019-04-26,9.022083333
2019-04-27,7.913194444
2019-04-28,6.154513889
2019-04-29,5.547652778
2019-04-30,4.900791667
2019-05-01,5.281902778
2019-05-02,5.910472222
2019-05-03,7.469652778
2019-05-04,8.639986111
2019-05-05,8.263305556
2019-05-06,7.561861111
2019-05-07,7.227041667
2019-05-08,6.867944444
2019-05-09,7.397611111
2019-05-10,8.680708333
2019-05-11,9.268333333
2019-05-12,9.440138889
2019-05-13,11.39805556
2019-05-14,12.44236111
2019-05-15,13.50027778
2019-05-16,13.44
2019-05-17,11.67513889
2019-05-18,8.169847222
2019-05-19,7.322777778
2019-05-20,8.834097222
2019-05-21,9.351388889
2019-05-22,9.364583333
2019-05-23,9.889583333
2019-05-24,10.56791667
2019-05-25,11.06555556
2019-05-26,12.22888889
2019-05-27,12.39486111
2019-05-28,12.89708333
2019-05-29,13.74944444
2019-05-30,15.25180556
2019-05-31,15.76180556
2019-06-01,15.37652778
2019-06-02,15.96875
2019-06-03,17.45819444
2019-06-04,18.33527778
2019-06-05,18.08319444
2019-06-06,17.99680556
2019-06-07,18.86069444
2019-06-08,17.54708333
2019-06-09,15.87402778
2019-06-10,15.97583333
2019-06-11,16.19125
2019-06-12,16.44791667
2019-06-13,17.74805556
2019-06-14,18.59583333
2019-06-15,19.10402778
2019-06-16,18.26777778
2019-06-17,17.80027778
2019-06-18,17.79430556
2019-06-19,17.62361111
2019-06-20,17.62041667
2019-06-21,17.57083333
2019-06-22,16.04097222
2019-06-23,16.41486111
2019-06-24,17.42
2019-06-25,17.66
2019-06-26,19.27527778
2019-06-27,21.21
2019-06-28,21.89777778
2019-06-29,22.70347222
2019-06-30,22.31708333
2019-07-01,22.1975
2019-07-02,22.4025
2019-07-03,21.15458333
2019-07-04,19.54611111
2019-07-05,19.42333333
2019-07-06,19.62125
2019-07-07,20.35444444
2019-07-08,21.65708333
2019-07-09,21.06291667
2019-07-10,20.52458333
2019-07-11,21.78166667
2019-07-12,22.84236111
2019-07-13,23.24666667
2019-07-14,24.19458333
2019-07-15,24.09875
2019-07-16,22.61555556
2019-07-17,22.23486111
2019-07-18,22.81263889
2019-07-19,23.10291667
2019-07-20,23.185
2019-07-21,22.56930556
2019-07-22,22.41722222
2019-07-23,22.71694444
2019-07-24,22.54583333
2019-07-25,22.5225
2019-07-26,22.34069444
2019-07-27,22.58069444
2019-07-28,23.18152778
2019-07-29,22.82666667
2019-07-30,22.95069444
2019-07-31,24.04902778
2019-08-01,24.64458333
2019-08-02,24.46180556
2019-08-03,24.98638889
2019-08-04,24.67861111
2019-08-05,24.36597222
2019-08-06,23.74708333
2019-08-07,23.5673913
2019-08-08,22.93722222
2019-08-09,23.08458333
2019-08-10,23.42319444
2019-08-11,23.10819444
2019-08-12,21.11208333
2019-08-13,19.91208333
2019-08-14,19.13458333
2019-08-15,20.03055556
2019-08-16,19.79861111
2019-08-17,19.45
2019-08-18,17.54375
2019-08-19,19.02930556
2019-08-20,20.29722222
2019-08-21,20.58541667
2019-08-22,20.84416667
2019-08-23,21.08291667
2019-08-24,21.24027778
2019-08-25,21.70319444
2019-08-26,20.6775
2019-08-27,18.47333333
2019-08-28,17.92277778
2019-08-29,18.66291667
2019-08-30,18.23847222
2019-08-31,18.07652778
2019-09-01,18.92541667
2019-09-02,19.28333333
2019-09-03,18.92819444
2019-09-04,18.85319444
2019-09-05,19.925
2019-09-06,19.8675
2019-09-07,18.4075
2019-09-08,15.31513889
2019-09-09,15.20819444
2019-09-10,15.50972222
2019-09-11,15.99041667
2019-09-12,14.57680556
2019-09-13,14.26361111
2019-09-14,15.84513889
2019-09-15,16.67486111
2019-09-16,17.62722222
2019-09-17,18.4175
2019-09-18,18.07236111
2019-09-19,17.37458333
2019-09-20,17.98930556
2019-09-21,17.60916667
2019-09-22,15.80583333
2019-09-23,15.41638889
2019-09-24,15.72180556
2019-09-25,14.71083333
2019-09-26,13.56291667
2019-09-27,13.31055556
2019-09-28,12.16916667
2019-09-29,11.02694444
2019-09-30,10.68958333
2019-10-01,9.759444444
2019-10-02,8.965847222
2019-10-03,8.185180556
2019-10-04,8.293888889
2019-10-05,9.022638889
2019-10-06,9.157777778
2019-10-07,9.008263889
2019-10-08,9.816944444
2019-10-09,9.391277778
2019-10-10,7.187597222
2019-10-11,6.115708333
2019-10-12,5.079291667
2019-10-13,5.411402778
2019-10-14,5.48375
2019-10-15,5.980958333
2019-10-16,5.738819444
2019-10-17,6.533111111
2019-10-18,7.311333333
2019-10-19,6.933486111
2019-10-20,6.149694444
2019-10-21,6.068194444
2019-10-22,5.823027778
2019-10-23,5.907916667
2019-10-24,5.217680556
2019-10-25,5.059916667
2019-10-26,5.736902778
2019-10-27,4.174888889
2019-10-28,2.878333333
2019-10-29,2.114513889
2019-10-30,1.573597222
2019-10-31,1.168263889
2019-11-01,1.168638889
2019-11-02,1.206319444
2019-11-03,1.286847222
2019-11-04,1.480361111
2019-11-05,1.339083333
2019-11-06,1.329555556
2019-11-07,1.108111111
2019-11-08,0.929027778
2019-11-09,0.951833333
2019-11-10,1.025458333
2019-11-11,1.133569444
2019-11-12,1.057305556
2019-11-13,1.119208333
2019-11-14,1.106958333
2019-11-15,1.165361111
2019-11-16,1.390569444
2019-11-17,1.879333333
2019-11-18,3.111652778
2019-11-19,2.866722222
2019-11-20,2.429222222
2019-11-21,1.814902778
2019-11-22,1.367638889
2019-11-23,1.208847222
2019-11-24,1.480416667
2019-11-25,1.841583333
2019-11-26,1.483611111
2019-11-27,1.231611111
2019-11-28,0.972944444
2019-11-29,0.762486111
2019-11-30,0.696375
2019-12-01,0.678166667
2019-12-02,0.625138889
2019-12-03,0.653194444
2019-12-04,0.678208333
2019-12-05,0.692055556
2019-12-06,0.675125
2019-12-07,0.650597222
2019-12-08,0.603333333
2019-12-09,0.469972222
2019-12-10,0.357861111
2019-12-11,0.212583333
2019-12-12,0.149888889
2019-12-13,0.201097222
2019-12-14,0.041861111
2019-12-15,0.050416667
2019-12-16,0.092402778
2019-12-17,0.034291667
2019-12-18,0.018430556
2019-12-19,0.017736111
2019-12-20,-0.156722222
2019-12-21,0.031458333
2019-12-22,0.088430556
2019-12-23,0.014708333
2019-12-24,-0.157125
2019-12-25,-0.341708333
2019-12-26,-0.473916667
2019-12-27,-0.959888889
2019-12-28,-1.353597222
2019-12-29,-1.641486111
2019-12-30,-2.033055556
2019-12-31,-2.159625
2020-01-01,-1.108652778
2020-01-02,-0.469652778
2020-01-03,-0.390375
2020-01-04,-0.712986111
2020-01-05,-0.324402778
2020-01-06,-1.072472222
2020-01-07,-1.429708333
2020-01-08,-2.419
2020-01-09,-2.724111111
2020-01-10,-4.294027778
2020-01-11,-5.571722222
2020-01-12,-4.750569444
2020-01-13,-4.202513889
2020-01-14,-5.445041667
2020-01-15,-6.193388889
2020-01-16,-6.892305556
2020-01-17,-6.645
2020-01-18,-7.560847222
2020-01-19,-8.279111111
2020-01-20,-7.438638889
2020-01-21,-5.277125
2020-01-22,-3.502847222
2020-01-23,-2.125013889
2020-01-24,-1.909597222
2020-01-25,-1.498486111
2020-01-26,-0.911833333
2020-01-27,-0.812638889
2020-01-28,-0.780069444
2020-01-29,-1.002638889
2020-01-30,-1.100875
2020-01-31,-1.405861111
2020-02-01,-1.084416667
2020-02-02,-0.527680556
2020-02-03,-0.573763889
2020-02-04,-1.510513889
2020-02-05,-2.314583333
2020-02-06,-1.874444444
2020-02-07,-2.830819444
2020-02-08,-2.611083333
2020-02-09,-1.888375
2020-02-10,-2.02075
2020-02-11,-2.727263889
2020-02-12,-2.221013889
2020-02-13,-3.710125
2020-02-14,-3.788819444
2020-02-15,-2.340222222
2020-02-16,-1.707472222
2020-02-17,-1.445902778
2020-02-18,-2.181833333
2020-02-19,-3.635666667
2020-02-20,-3.869027778
2020-02-21,-2.703305556
2020-02-22,-1.610416667
2020-02-23,-0.900263889
2020-02-24,-0.611833333
2020-02-25,-0.416180556
2020-02-26,-0.563916667
2020-02-27,-0.483888889
2020-02-28,-0.228902778
2020-02-29,-0.202972222
2020-03-01,-0.183083333
2020-03-02,-0.175694444
2020-03-03,-0.149319444
2020-03-04,-0.136236111
2020-03-05,-0.066736111
2020-03-06,-0.097083333
2020-03-07,-0.065708333
2020-03-08,-0.041916667
2020-03-09,-0.02525
2020-03-10,0.010152778
2020-03-11,0.067847222
2020-03-12,0.132305556
2020-03-13,0.025027778
2020-03-14,-0.029722222
2020-03-15,-0.019055556
2020-03-16,0.004763889
2020-03-17,-0.033583333
2020-03-18,0.003111111
2020-03-19,0.011722222
2020-03-20,-0.006111111
2020-03-21,0.014625
2020-03-22,0.000222222
2020-03-23,0.012875
2020-03-24,0.227916667
2020-03-25,0.168388889
2020-03-26,0.394847222
2020-03-27,0.921069444
2020-03-28,1.426486111
2020-03-29,2.129833333
2020-03-30,2.978972222
2020-03-31,3.557472222
2020-04-01,2.42225
2020-04-02,0.436888889
2020-04-03,0.039333333
2020-04-04,0.03725
2020-04-05,0.337583333
2020-04-06,1.736625
2020-04-07,3.948513889
2020-04-08,3.930555556
2020-04-09,3.073680556
2020-04-10,3.645319444
2020-04-11,3.899305556
2020-04-12,2.400055556
2020-04-13,1.743930556
2020-04-14,1.315777778
2020-04-15,1.797430556
2020-04-16,2.390472222
2020-04-17,2.918111111
2020-04-18,4.283680556
2020-04-19,4.576972222
2020-04-20,5.652763889
2020-04-21,6.719305556
2020-04-22,8.365736111
2020-04-23,8.970625
2020-04-24,8.690277778
2020-04-25,8.842861111
2020-04-26,9.001708333
2020-04-27,9.037861111
2020-04-28,9.32625
2020-04-29,9.289180556
2020-04-30,10.80319444
2020-05-01,11.84972222
2020-05-02,11.21125
2020-05-03,11.52944444
2020-05-04,11.49986111
2020-05-05,10.62125
2020-05-06,10.82733333
2020-05-07,11.31597222
2020-05-08,10.60144444
2020-05-09,10.26958333
2020-05-10,9.320763889
2020-05-11,9.123222222
2020-05-12,9.139222222
2020-05-13,8.472333333
2020-05-14,9.839819444
2020-05-15,11.01861111
2020-05-16,12.22472222
2020-05-17,12.81069444
2020-05-18,13.22125
2020-05-19,14.00347222
2020-05-20,15.30083333
2020-05-21,15.78291667
2020-05-22,16.01944444
2020-05-23,15.94722222
2020-05-24,13.95263889
2020-05-25,13.07111111
2020-05-26,13.80888889
2020-05-27,15.19986111
2020-05-28,15.86444444
2020-05-29,15.71972222
2020-05-30,16.17
2020-05-31,16.86555556
2020-06-01,18.20166667
2020-06-02,18.77972222
2020-06-03,18.19138889
2020-06-04,18.04097222
2020-06-05,17.35486111
2020-06-06,17.32708333
2020-06-07,18.06902778
2020-06-08,18.64361111
2020-06-09,17.57277778
2020-06-10,16.28527778
2020-06-11,17.13708333
2020-06-12,18.54694444
2020-06-13,19.69402778
2020-06-14,20.64444444
2020-06-15,20.52652778
2020-06-16,20.65763889
2020-06-17,20.71555556
2020-06-18,19.53555556
2020-06-19,18.04083333
2020-06-20,18.43763889
2020-06-21,18.70986111
2020-06-22,18.62736111
2020-06-23,19.04458333
2020-06-24,20.74541667
2020-06-25,21.78611111
2020-06-26,21.91736111
2020-06-27,22.56013889
2020-06-28,22.76416667
2020-06-29,22.76027778
2020-06-30,21.72930556
2020-07-01,20.10597222
2020-07-02,21.36986111
2020-07-03,22.28972222
2020-07-04,23.64166667
2020-07-05,24.06986111
2020-07-06,23.74194444
2020-07-07,23.28291667
2020-07-08,22.46555556
2020-07-09,22.00027778
2020-07-10,21.46402778
2020-07-11,20.97736111
2020-07-12,21.73055556
2020-07-13,22.55666667
2020-07-14,21.10597222
2020-07-15,21.10875
2020-07-16,21.76791667
2020-07-17,22.92680556
2020-07-18,22.90166667
2020-07-19,22.01597222
2020-07-20,21.94430556
2020-07-21,21.3725
2020-07-22,22.25541667
2020-07-23,23.13513889
2020-07-24,23.34
2020-07-25,23.21208333
2020-07-26,22.78541667
2020-07-27,22.81527778
2020-07-28,23.33097222
2020-07-29,23.79069444
2020-07-30,23.82902778
2020-07-31,22.74097222
2020-08-01,22.53069444
2020-08-02,22.27263889
2020-08-03,22.16777778
2020-08-04,21.93138889
2020-08-05,22.18583333
2020-08-06,22.66541667
2020-08-07,23.92180556
2020-08-08,23.99541667
2020-08-09,24.01444444
2020-08-10,22.94097222
2020-08-11,23.30666667
2020-08-12,23.96805556
2020-08-13,24.77513889
2020-08-14,23.67902778
2020-08-15,21.84902778
2020-08-16,22.11208333
2020-08-17,22.63027778
2020-08-18,23.40833333
2020-08-19,24.26861111
2020-08-20,25.14819444
2020-08-21,25.29083333
2020-08-22,24.64180556
2020-08-23,24.39111111
2020-08-24,23.87069444
2020-08-25,24.51819444
2020-08-26,24.70486111
2020-08-27,23.84875
2020-08-28,21.97902778
2020-08-29,20.46666667
2020-08-30,19.72486111
2020-08-31,17.71416667
2020-09-01,17.89888889
2020-09-02,18.29847222
2020-09-03,18.42805556
2020-09-04,18.25486111
2020-09-05,18.56027778
2020-09-06,18.9475
2020-09-07,17.00111111
2020-09-08,13.52569444
2020-09-09,12.63333333
2020-09-10,13.46875
2020-09-11,13.93125
2020-09-12,14.24152778
2020-09-13,15.275
2020-09-14,14.8475
2020-09-15,15.38555556
2020-09-16,14.98208333
2020-09-17,15.10555556
2020-09-18,15.59541667
2020-09-19,15.79291667
2020-09-20,16.32138889
2020-09-21,16.25861111
2020-09-22,16.52180556
2020-09-23,17.45430556
2020-09-24,17.38125
2020-09-25,17.57777778
2020-09-26,17.02388889
2020-09-27,15.52041667
2020-09-28,14.59069444
2020-09-29,14.50541667
2020-09-30,14.73361111
2020-10-01,14.70333333
