Time,Depth
2015-01-13,-6.68675
2015-01-14,-5.582458333
2015-01-15,-4.08075
2015-01-16,-3.579875
2015-01-17,-2.492208333
2015-01-18,-2.355791667
2015-01-19,-2.172958333
2015-01-20,-1.792875
2015-01-21,-1.664333333
2015-01-22,-1.771
2015-01-23,-1.304291667
2015-01-24,-1.156458333
2015-01-25,-0.9605
2015-01-26,-0.750958333
2015-01-27,-0.691166667
2015-01-28,-0.716708333
2015-01-29,-0.88225
2015-01-30,-1.467708333
2015-01-31,-2.078375
2015-02-01,-3.499583333
2015-02-02,-4.174458333
2015-02-03,-4.064583333
2015-02-04,-4.071041667
2015-02-05,-4.10625
2015-02-06,-3.665125
2015-02-07,-3.294458333
2015-02-08,-3.299
2015-02-09,-3.769208333
2015-02-10,-3.715375
2015-02-11,-4.69325
2015-02-12,-6.387875
2015-02-13,-5.34075
2015-02-14,-5.159208333
2015-02-15,-5.399458333
2015-02-16,-4.439333333
2015-02-17,-4.644125
2015-02-18,-5.868291667
2015-02-19,-6.152041667
2015-02-20,-4.56825
2015-02-21,-4.104083333
2015-02-22,-5.270791667
2015-02-23,-5.866666667
2015-02-24,-4.181083333
2015-02-25,-3.88275
2015-02-26,-4.5135
2015-02-27,-5.120041667
2015-02-28,-4.899791667
2015-03-01,-4.856208333
2015-03-02,-4.700958333
2015-03-03,-4.51525
2015-03-04,-5.436625
2015-03-05,-5.932916667
2015-03-06,-4.911958333
2015-03-07,-3.191625
2015-03-08,-2.378625
2015-03-09,-1.783458333
2015-03-10,-1.272708333
2015-03-11,-0.957125
2015-03-12,-0.645833333
2015-03-13,-0.245041667
2015-03-14,0.121541667
2015-03-15,0.873125
2015-03-16,0.711916667
2015-03-17,0.044208333
2015-03-18,-0.020375
2015-03-19,0.18125
2015-03-20,0.22975
2015-03-21,-0.184375
2015-03-22,-0.239458333
2015-03-23,-0.225916667
2015-03-24,-0.221666667
2015-03-25,-0.149458333
2015-03-26,-0.147291667
2015-03-27,0.057666667
2015-03-28,0.621416667
2015-03-29,1.721375
2015-03-30,2.008125
2015-03-31,2.494708333
2015-04-01,3.104666667
2015-04-02,2.000625
2015-04-03,0.593958333
2015-04-04,0.842791667
2015-04-05,1.025791667
2015-04-06,0.374375
2015-04-07,0.255208333
2015-04-08,0.411583333
2015-04-09,1.308708333
2015-04-10,2.186333333
2015-04-11,3.406291667
2015-04-12,4.379041667
2015-04-13,3.801041667
2015-04-14,3.694916667
2015-04-15,5.22
2015-04-16,5.665958333
2015-04-17,5.441875
2015-04-18,5.596916667
2015-04-19,5.417833333
2015-04-20,3.917333333
2015-04-21,3.6045
2015-04-22,3.608458333
2015-04-23,3.750208333
2015-04-24,4.060291667
2015-04-25,5.064208333
2015-04-26,5.420458333
2015-04-27,5.527083333
2015-04-28,6.136458333
2015-04-29,7.540708333
2015-04-30,8.039041667
2015-05-01,7.860833333
2015-05-02,8.85125
2015-05-03,9.710416667
2015-05-04,9.419583333
2015-05-05,10.04541667
2015-05-06,10.55583333
2015-05-07,10.37416667
2015-05-08,9.05375
2015-05-09,8.688333333
2015-05-10,8.31175
2015-05-11,7.95675
2015-05-12,8.445541667
2015-05-13,8.732083333
2015-05-14,8.3475
2015-05-15,8.722333333
2015-05-16,9.862083333
2015-05-17,9.1135
2015-05-18,7.357458333
2015-05-19,8.156583333
2015-05-20,9.799583333
2015-05-21,11.16083333
2015-05-22,12.25083333
2015-05-23,13.00958333
2015-05-24,13.64333333
2015-05-25,14.25416667
2015-05-26,14.77375
2015-05-27,14.77541667
2015-05-28,15.33666667
2015-05-29,14.50833333
2015-05-30,13.26708333
2015-05-31,13.23583333
2015-06-01,13.7375
2015-06-02,14.69875
2015-06-03,14.19541667
2015-06-04,14.23541667
2015-06-05,14.75541667
2015-06-06,15.6975
2015-06-07,16.7575
2015-06-08,17.30666667
2015-06-09,18.20458333
2015-06-10,17.75875
2015-06-11,17.48
2015-06-12,18.09875
2015-06-13,18.4225
2015-06-14,18.20541667
2015-06-15,17.46875
2015-06-16,16.63666667
2015-06-17,16.73041667
2015-06-18,17.56791667
2015-06-19,17.68291667
2015-06-20,18.83333333
2015-06-21,19.075
2015-06-22,18.69083333
2015-06-23,18.8725
2015-06-24,18.80291667
2015-06-25,18.99958333
2015-06-26,18.81
2015-06-27,20.22791667
2015-06-28,20.16291667
2015-06-29,20.55875
2015-06-30,20.89083333
2015-07-01,19.99375
2015-07-02,20.2675
2015-07-03,20.63541667
2015-07-04,21.14416667
2015-07-05,20.86375
2015-07-06,20.07416667
2015-07-07,19.39583333
2015-07-08,19.51666667
2015-07-09,19.61958333
2015-07-10,20.26041667
2015-07-11,21.30041667
2015-07-12,21.97458333
2015-07-13,21.97875
2015-07-14,22.00791667
2015-07-15,22.4825
2015-07-16,22.6925
2015-07-17,22.17625
2015-07-18,20.61333333
2015-07-19,20.22708333
2015-07-20,20.3875
2015-07-21,20.20958333
2015-07-22,20.68416667
2015-07-23,21.80875
2015-07-24,21.94
2015-07-25,22.22625
2015-07-26,22.60333333
2015-07-27,22.20958333
2015-07-28,21.735
2015-07-29,20.1875
2015-07-30,20.47625
2015-07-31,20.63791667
2015-08-01,21.07291667
2015-08-02,21.45458333
2015-08-03,21.095
2015-08-04,21.05416667
2015-08-05,21.055
2015-08-06,20.66458333
2015-08-07,20.11708333
2015-08-08,20.275
2015-08-09,20.68125
2015-08-10,21.06708333
2015-08-11,21.41333333
2015-08-12,22.03583333
2015-08-13,22.77375
2015-08-14,22.7
2015-08-15,23.10458333
2015-08-16,22.19166667
2015-08-17,20.91916667
2015-08-18,20.20041667
2015-08-19,20.13041667
2015-08-20,20.0675
2015-08-21,20.30833333
2015-08-22,19.4575
2015-08-23,17.01041667
2015-08-24,16.97458333
2015-08-25,17.41875
2015-08-26,17.80833333
2015-08-27,18.35208333
2015-08-28,19.30041667
2015-08-29,19.63458333
2015-08-30,20.17875
2015-08-31,20.03125
2015-09-01,19.33625
2015-09-02,20.04541667
2015-09-03,20.99916667
2015-09-04,21.2125
2015-09-05,19.88833333
2015-09-06,18.85166667
2015-09-07,17.63541667
2015-09-08,16.63666667
2015-09-09,16.41833333
2015-09-10,16.15625
2015-09-11,15.51958333
2015-09-12,16.10541667
2015-09-13,16.9825
2015-09-14,17.04458333
2015-09-15,16.41291667
2015-09-16,16.5075
2015-09-17,16.05541667
2015-09-18,14.93625
2015-09-19,14.99541667
2015-09-20,15.18166667
2015-09-21,15.55083333
2015-09-22,14.63958333
2015-09-23,13.51875
2015-09-24,13.95
2015-09-25,15.05666667
2015-09-26,16.01166667
2015-09-27,16.60458333
2015-09-28,15.32125
2015-09-29,13.75041667
2015-09-30,14.18833333
2015-10-01,14.70333333
2015-10-02,13.94166667
2015-10-03,12.67125
2015-10-04,12.07333333
2015-10-05,12.03666667
2015-10-06,11.62291667
2015-10-07,10.99833333
2015-10-08,11.48041667
2015-10-09,11.13375
2015-10-10,12.09916667
2015-10-11,12.65625
2015-10-12,12.07166667
2015-10-13,11.11375
2015-10-14,10.69416667
2015-10-15,10.35958333
2015-10-16,9.6225
2015-10-17,9.118333333
2015-10-18,9.087916667
2015-10-19,9.99125
2015-10-20,10.31625
2015-10-21,10.23583333
2015-10-22,9.562916667
2015-10-23,9.627083333
2015-10-24,8.842916667
2015-10-25,7.973333333
2015-10-26,7.464208333
2015-10-27,7.829291667
2015-10-28,7.057208333
2015-10-29,6.103333333
2015-10-30,5.796666667
2015-10-31,6.819333333
2015-11-01,6.830583333
2015-11-02,6.845791667
2015-11-03,6.756333333
2015-11-04,6.697875
2015-11-05,6.292291667
2015-11-06,5.704458333
2015-11-07,4.82825
2015-11-08,5.291041667
2015-11-09,5.488333333
2015-11-10,5.327291667
2015-11-11,5.218458333
2015-11-12,4.722833333
2015-11-13,3.928041667
2015-11-14,4.632041667
2015-11-15,5.1455
2015-11-16,5.213416667
2015-11-17,5.049
2015-11-18,3.975291667
2015-11-19,2.914541667
2015-11-20,1.968833333
2015-11-21,1.196083333
2015-11-22,0.955208333
2015-11-23,1.19525
2015-11-24,1.167208333
2015-11-25,1.215666667
2015-11-26,0.992083333
2015-11-27,0.209833333
2015-11-28,-0.249833333
2015-11-29,-0.660375
2015-11-30,-0.886791667
2015-12-01,-0.525625
2015-12-02,-0.536375
2015-12-03,-0.385208333
2015-12-04,-0.025791667
2015-12-05,0.344333333
2015-12-06,0.434208333
2015-12-07,0.668041667
2015-12-08,0.871333333
2015-12-09,1.5625
2015-12-10,2.428333333
2015-12-11,1.661791667
2015-12-12,1.402166667
2015-12-13,1.54
2015-12-14,1.435083333
2015-12-15,1.343666667
2015-12-16,1.248791667
2015-12-17,1.067
2015-12-18,0.7605
2015-12-19,0.260583333
2015-12-20,0.012958333
2015-12-21,-0.016541667
2015-12-22,-0.074541667
2015-12-23,-0.054916667
2015-12-24,-0.090666667
2015-12-25,-0.015958333
2015-12-26,-0.332666667
2015-12-27,-0.717916667
2015-12-28,-0.880958333
2015-12-29,-1.0275
2015-12-30,-1.059625
2015-12-31,-1.03125
2016-01-01,-0.971666667
2016-01-02,-0.910375
2016-01-03,-0.951625
2016-01-04,-1.0865
2016-01-05,-1.057333333
2016-01-06,-1.145416667
2016-01-07,-1.034458333
2016-01-08,-0.992083333
2016-01-09,-1.307416667
2016-01-10,-1.743416667
2016-01-11,-1.841125
2016-01-12,-2.107625
2016-01-13,-1.89425
2016-01-14,-1.579875
2016-01-15,-1.534916667
2016-01-16,-1.694083333
2016-01-17,-2.210708333
2016-01-18,-2.394916667
2016-01-19,-2.25175
2016-01-20,-1.830208333
2016-01-21,-1.564083333
2016-01-22,-1.634083333
2016-01-23,-1.318458333
2016-01-24,-1.07075
2016-01-25,-1.156166667
2016-01-26,-1.379458333
2016-01-27,-1.157208333
2016-01-28,-0.689166667
2016-01-29,-0.557125
2016-01-30,-0.474
2016-01-31,-0.529416667
2016-02-01,-0.650458333
2016-02-02,-0.780958333
2016-02-03,-1.248916667
2016-02-04,-1.282583333
2016-02-05,-1.333625
2016-02-06,-1.106875
2016-02-07,-0.784
2016-02-08,-1.073541667
2016-02-09,-1.216041667
2016-02-10,-1.147208333
2016-02-11,-1.351166667
2016-02-12,-1.635791667
2016-02-13,-2.401541667
2016-02-14,-2.136208333
2016-02-15,-1.605083333
2016-02-16,-1.249708333
2016-02-17,-1.085791667
2016-02-18,-0.793375
2016-02-19,-0.587375
2016-02-20,-0.473791667
2016-02-21,-0.48875
2016-02-22,-0.370041667
2016-02-23,-0.391583333
2016-02-24,-0.4055
2016-02-25,-0.377083333
2016-02-26,-0.426583333
2016-02-27,-0.325416667
2016-02-28,-0.325291667
2016-02-29,-0.350583333
2016-03-01,-0.682
2016-03-02,-0.690666667
2016-03-03,-0.586791667
2016-03-04,-0.441958333
2016-03-05,-0.406333333
2016-03-06,-0.145083333
2016-03-07,0.374083333
2016-03-08,1.128125
2016-03-09,0.921708333
2016-03-10,1.277458333
2016-03-11,2.543791667
2016-03-12,3.0595
2016-03-13,4.094875
2016-03-14,4.453791667
2016-03-15,4.475166667
2016-03-16,3.390708333
2016-03-17,2.363416667
2016-03-18,1.935125
2016-03-19,1.768333333
2016-03-20,1.545791667
2016-03-21,1.627833333
2016-03-22,1.690708333
2016-03-23,1.5735
2016-03-24,2.049958333
2016-03-25,2.683083333
2016-03-26,1.82675
2016-03-27,2.512
2016-03-28,3.691833333
2016-03-29,4.144291667
2016-03-30,4.407833333
2016-03-31,4.57425
2016-04-01,3.9905
2016-04-02,3.695041667
2016-04-03,4.87975
2016-04-04,4.615791667
2016-04-05,5.318041667
2016-04-06,5.246666667
2016-04-07,4.59425
2016-04-08,3.95225
2016-04-09,4.021833333
2016-04-10,4.471208333
2016-04-11,3.549291667
2016-04-12,3.895333333
2016-04-13,4.983291667
2016-04-14,6.69725
2016-04-15,7.291791667
2016-04-16,5.735333333
2016-04-17,4.135291667
2016-04-18,4.001833333
2016-04-19,4.972958333
2016-04-20,6.542166667
2016-04-21,7.967291667
2016-04-22,7.643958333
2016-04-23,7.732041667
2016-04-24,7.318208333
2016-04-25,6.00025
2016-04-26,5.585666667
2016-04-27,5.800458333
2016-04-28,6.231333333
2016-04-29,6.893166667
2016-04-30,7.776166667
2016-05-01,8.450458333
2016-05-02,9.7475
2016-05-03,10.57458333
2016-05-04,11.11333333
2016-05-05,12.51458333
2016-05-06,13.355
2016-05-07,12.83208333
2016-05-08,12.99208333
2016-05-09,13.17583333
2016-05-10,12.84208333
2016-05-11,11.30708333
2016-05-12,10.15208333
2016-05-13,9.080416667
2016-05-14,9.164583333
2016-05-15,9.942916667
2016-05-16,10.96083333
2016-05-17,12.04208333
2016-05-18,12.95458333
2016-05-19,13.67208333
2016-05-20,14.63166667
2016-05-21,14.69708333
2016-05-22,15.33583333
2016-05-23,15.69708333
2016-05-24,15.67333333
2016-05-25,15.52791667
2016-05-26,14.99375
2016-05-27,15.07916667
2016-05-28,15.79083333
2016-05-29,16.09625
2016-05-30,16.04416667
2016-05-31,15.535
2016-06-01,14.85708333
2016-06-02,14.89166667
2016-06-03,16.07541667
2016-06-04,16.77958333
2016-06-05,17.19958333
2016-06-06,16.9775
2016-06-07,16.93125
2016-06-08,17.70666667
2016-06-09,18.66041667
2016-06-10,19.6525
2016-06-11,19.52583333
2016-06-12,18.53791667
2016-06-13,18.6675
2016-06-14,18.94333333
2016-06-15,18.55375
2016-06-16,19.81083333
2016-06-17,20.70791667
2016-06-18,20.61708333
2016-06-19,21.19083333
2016-06-20,20.30375
2016-06-21,20.17708333
2016-06-22,19.57708333
2016-06-23,18.62125
2016-06-24,19.64833333
2016-06-25,20.41625
2016-06-26,19.22458333
2016-06-27,19.39125
2016-06-28,19.97541667
2016-06-29,20.92625
2016-06-30,21.05458333
2016-07-01,20.14833333
2016-07-02,19.66041667
2016-07-03,20.04291667
2016-07-04,20.16041667
2016-07-05,20.69166667
2016-07-06,20.90958333
2016-07-07,20.62
2016-07-08,20.23583333
2016-07-09,21.00375
2016-07-10,22.05041667
2016-07-11,22.0375
2016-07-12,20.49583333
2016-07-13,19.61208333
2016-07-14,19.43125
2016-07-15,19.98625
2016-07-16,19.58625
2016-07-17,19.32583333
2016-07-18,20.58041667
2016-07-19,21.51083333
2016-07-20,23.09708333
2016-07-21,23.72916667
2016-07-22,23.64
2016-07-23,22.62291667
2016-07-24,21.88916667
2016-07-25,22.22125
2016-07-26,22.61333333
2016-07-27,21.97083333
2016-07-28,21.9225
2016-07-29,21.50958333
2016-07-30,21.78833333
2016-07-31,22.52375
2016-08-01,22.29041667
2016-08-02,22.05833333
2016-08-03,22.36666667
2016-08-04,21.65333333
2016-08-05,20.93375
2016-08-06,21.30666667
2016-08-07,22.10166667
2016-08-08,22.54625
2016-08-09,22.46541667
2016-08-10,21.99125
2016-08-11,22.13
2016-08-12,21.92333333
2016-08-13,21.50916667
2016-08-14,21.485
2016-08-15,22.11208333
2016-08-16,21.72708333
2016-08-17,22.12333333
2016-08-18,21.925
2016-08-19,20.17125
2016-08-20,19.23
2016-08-21,19.13958333
2016-08-22,20.14
2016-08-23,20.79958333
2016-08-24,19.96208333
2016-08-25,19.32708333
2016-08-26,18.88583333
2016-08-27,19.15625
2016-08-28,19.94375
2016-08-29,20.56333333
2016-08-30,20.07583333
2016-08-31,20.04875
2016-09-01,20.25583333
2016-09-02,20.37
2016-09-03,20.42875
2016-09-04,19.45583333
2016-09-05,17.57375
2016-09-06,17.27041667
2016-09-07,16.82291667
2016-09-08,15.75416667
2016-09-09,15.36083333
2016-09-10,15.25666667
2016-09-11,15.865
2016-09-12,15.95583333
2016-09-13,14.59291667
2016-09-14,13.82916667
2016-09-15,14.20833333
2016-09-16,14.69083333
2016-09-17,14.38375
2016-09-18,15.47208333
2016-09-19,15.05625
2016-09-20,14.69375
2016-09-21,15
2016-09-22,14.41625
2016-09-23,13.73708333
2016-09-24,14.33458333
2016-09-25,14.885
2016-09-26,13.29041667
2016-09-27,12.8575
2016-09-28,13.045
2016-09-29,12.96666667
2016-09-30,12.96583333
2016-10-01,13.13333333
2016-10-02,13.85416667
2016-10-03,14.32791667
2016-10-04,14.67875
2016-10-05,12.81041667
2016-10-06,10.08375
2016-10-07,8.767083333
2016-10-08,8.136583333
2016-10-09,8.28025
2016-10-10,9.105833333
2016-10-11,8.347625
2016-10-12,7.419208333
2016-10-13,6.802583333
2016-10-14,7.713541667
2016-10-15,8.99625
2016-10-16,8.917083333
2016-10-17,9.14875
2016-10-18,8.709166667
2016-10-19,7.992083333
2016-10-20,8.006125
2016-10-21,8.148791667
2016-10-22,8.034958333
2016-10-23,8.32375
2016-10-24,7.738541667
2016-10-25,7.367041667
2016-10-26,7.865
2016-10-27,8.166
2016-10-28,9.006666667
2016-10-29,8.677916667
2016-10-30,7.328916667
2016-10-31,7.636
2016-11-01,7.540666667
2016-11-02,7.123958333
2016-11-03,6.989
2016-11-04,7.2795
2016-11-05,7.37025
2016-11-06,7.733
2016-11-07,7.962
2016-11-08,7.030125
2016-11-09,7.236375
2016-11-10,7.616125
2016-11-11,6.549916667
2016-11-12,6.347958333
2016-11-13,6.787375
2016-11-14,6.522916667
2016-11-15,6.837458333
2016-11-16,6.606083333
2016-11-17,5.876833333
2016-11-18,4.659333333
2016-11-19,3.213583333
2016-11-20,2.629041667
2016-11-21,2.337875
2016-11-22,2.632041667
2016-11-23,3.027708333
2016-11-24,3.316666667
2016-11-25,3.084083333
2016-11-26,2.885166667
2016-11-27,2.340041667
2016-11-28,2.351791667
2016-11-29,2.4975
2016-11-30,2.610208333
2016-12-01,2.661708333
2016-12-02,2.645041667
2016-12-03,2.662541667
2016-12-04,2.635375
2016-12-05,2.445208333
2016-12-06,2.268541667
2016-12-07,1.916666667
2016-12-08,1.617583333
2016-12-09,1.214333333
2016-12-10,0.743208333
2016-12-11,0.52025
2016-12-12,0.373541667
2016-12-13,0.228375
2016-12-14,0.0145
2016-12-15,-0.256666667
2016-12-16,-0.511208333
2016-12-17,-0.815791667
2016-12-18,-1.288916667
2016-12-19,-1.286666667
2016-12-20,-0.936791667
2016-12-21,-0.780416667
2016-12-22,-0.75425
2016-12-23,-0.769875
2016-12-24,-0.90025
2016-12-25,-1.19375
2016-12-26,-1.166875
2016-12-27,-1.084541667
2016-12-28,-0.913166667
2016-12-29,-0.778583333
2016-12-30,-0.713333333
2016-12-31,-0.727458333
2017-01-01,-0.695833333
2017-01-02,-0.722166667
2017-01-03,-0.764833333
2017-01-04,-0.8835
2017-01-05,-1.000333333
2017-01-06,-1.059541667
2017-01-07,-1.147041667
2017-01-08,-1.336916667
2017-01-09,-1.446541667
2017-01-10,-1.353125
2017-01-11,-1.38825
2017-01-12,-1.469291667
2017-01-13,-1.797708333
2017-01-14,-1.892125
2017-01-15,-1.907708333
2017-01-16,-1.803041667
2017-01-17,-1.686125
2017-01-18,-1.425916667
2017-01-19,-1.188708333
2017-01-20,-1.122041667
2017-01-21,-1.044291667
2017-01-22,-0.918375
2017-01-23,-0.862791667
2017-01-24,-0.858541667
2017-01-25,-0.890416667
2017-01-26,-0.955
2017-01-27,-0.992375
2017-01-28,-0.833625
2017-01-29,-0.694833333
2017-01-30,-0.638458333
2017-01-31,-0.573041667
2017-02-01,-0.659208333
2017-02-02,-0.893458333
2017-02-03,-1.2175
2017-02-04,-1.4745
2017-02-05,-1.663833333
2017-02-06,-1.699
2017-02-07,-1.663958333
2017-02-08,-1.850458333
2017-02-09,-2.135958333
2017-02-10,-1.976958333
2017-02-11,-1.380458333
2017-02-12,-0.968666667
2017-02-13,-0.873833333
2017-02-14,-0.782666667
2017-02-15,-0.739958333
2017-02-16,-0.598791667
2017-02-17,-0.487541667
2017-02-18,-0.435458333
2017-02-19,-0.397916667
2017-02-20,-0.350791667
2017-02-21,-0.291708333
2017-02-22,-0.346416667
2017-02-23,-0.348875
2017-02-24,-0.297625
2017-02-25,-0.288291667
2017-02-26,-0.312291667
2017-02-27,-0.34075
2017-02-28,-0.41575
2017-03-01,-0.326
2017-03-02,-0.359625
2017-03-03,-0.432875
2017-03-04,-0.315916667
2017-03-05,-0.206291667
2017-03-06,-0.234958333
2017-03-07,-0.602375
2017-03-08,-1.170958333
2017-03-09,-1.49525
2017-03-10,-3.052541667
2017-03-11,-3.5625
2017-03-12,-3.389958333
2017-03-13,-4.082416667
2017-03-14,-3.674666667
2017-03-15,-2.704041667
2017-03-16,-1.499125
2017-03-17,-0.93925
2017-03-18,-0.783625
2017-03-19,-0.590708333
2017-03-20,-0.499541667
2017-03-21,-0.483916667
2017-03-22,-0.463291667
2017-03-23,-0.38525
2017-03-24,-0.364458333
2017-03-25,-0.349958333
2017-03-26,-0.232208333
2017-03-27,-0.104
2017-03-28,0.298041667
2017-03-29,1.583083333
2017-03-30,2.763
2017-03-31,3.527375
2017-04-01,4.191041667
2017-04-02,5.198541667
2017-04-03,5.399875
2017-04-04,5.796958333
2017-04-05,5.862041667
2017-04-06,5.340625
2017-04-07,5.854583333
2017-04-08,7.076875
2017-04-09,6.778708333
2017-04-10,5.627958333
2017-04-11,5.637625
2017-04-12,6.154833333
2017-04-13,7.028875
2017-04-14,8.346375
2017-04-15,8.475833333
2017-04-16,7.148875
2017-04-17,5.778708333
2017-04-18,6.212375
2017-04-19,6.1645
2017-04-20,6.5535
2017-04-21,6.902291667
2017-04-22,7.838791667
2017-04-23,6.483083333
2017-04-24,5.044166667
2017-04-25,4.344375
2017-04-26,4.53875
2017-04-27,5.1785
2017-04-28,6.049875
2017-04-29,7.015791667
2017-04-30,7.981416667
2017-05-01,8.48625
2017-05-02,8.369916667
2017-05-03,8.808333333
2017-05-04,9.403333333
2017-05-05,11.16333333
2017-05-06,12.30541667
2017-05-07,12.33208333
2017-05-08,12.27166667
2017-05-09,11.95125
2017-05-10,12.17875
2017-05-11,12.67166667
2017-05-12,13.49791667
2017-05-13,13.67333333
2017-05-14,14.66833333
2017-05-15,14.39458333
2017-05-16,14.11916667
2017-05-17,13.17875
2017-05-18,11.915
2017-05-19,11.95
2017-05-20,12.84583333
2017-05-21,13.61416667
2017-05-22,13.98833333
2017-05-23,13.75625
2017-05-24,14.70833333
2017-05-25,15.26291667
2017-05-26,14.57708333
2017-05-27,14.31166667
2017-05-28,14.58625
2017-05-29,14.70833333
2017-05-30,14.12375
2017-05-31,14.84
2017-06-01,16.34041667
2017-06-02,18.4575
2017-06-03,18.98125
2017-06-04,19.2625
2017-06-05,19.89625
2017-06-06,20.26666667
2017-06-07,20.12916667
2017-06-08,20.16416667
2017-06-09,20.08625
2017-06-10,19.66125
2017-06-11,19.3925
2017-06-12,19.55083333
2017-06-13,19.49708333
2017-06-14,17.77291667
2017-06-15,16.83041667
2017-06-16,17.15291667
2017-06-17,17.12125
2017-06-18,17.40833333
2017-06-19,18.08166667
2017-06-20,18.50833333
2017-06-21,18.95458333
2017-06-22,18.855
2017-06-23,18.18166667
2017-06-24,16.65791667
2017-06-25,16.2325
2017-06-26,17.36625
2017-06-27,18.64208333
2017-06-28,19.7125
2017-06-29,19.54291667
2017-06-30,18.30583333
2017-07-01,18.84791667
2017-07-02,19.52375
2017-07-03,20.38625
2017-07-04,21.95333333
2017-07-05,22.79208333
2017-07-06,23.4575
2017-07-07,23.21833333
2017-07-08,23.55875
2017-07-09,23.71166667
2017-07-10,23.24
2017-07-11,23.83791667
2017-07-12,23.145
2017-07-13,22.24166667
2017-07-14,22.82083333
2017-07-15,22.92125
2017-07-16,22.71041667
2017-07-17,22.6775
2017-07-18,21.83583333
2017-07-19,21.8975
2017-07-20,22.39708333
2017-07-21,22.27333333
2017-07-22,22.33458333
2017-07-23,22.385
2017-07-24,23.29208333
2017-07-25,23.38708333
2017-07-26,22.88916667
2017-07-27,23.01791667
2017-07-28,23.26458333
2017-07-29,24.2075
2017-07-30,24.77291667
2017-07-31,25.38833333
2017-08-01,24.75458333
2017-08-02,23.11
2017-08-03,20.67833333
2017-08-04,20.46666667
2017-08-05,20.23166667
2017-08-06,19.51375
2017-08-07,20.01916667
2017-08-08,20.55458333
2017-08-09,20.5925
2017-08-10,19.76
2017-08-11,19.95833333
2017-08-12,19.18916667
2017-08-13,18.42416667
2017-08-14,19.16333333
2017-08-15,19.33208333
2017-08-16,19.05166667
2017-08-17,19.62041667
2017-08-18,19.92583333
2017-08-19,20.00916667
2017-08-20,19.62
2017-08-21,19.31458333
2017-08-22,18.45708333
2017-08-23,18.88583333
2017-08-24,19.41958333
2017-08-25,19.54916667
2017-08-26,19.33375
2017-08-27,19.60666667
2017-08-28,20.11291667
2017-08-29,20.5125
2017-08-30,20.53333333
2017-08-31,20.04833333
2017-09-01,20.38666667
2017-09-02,19.70666667
2017-09-03,19.84166667
2017-09-04,19.345
2017-09-05,18.12541667
2017-09-06,17.9175
2017-09-07,18.29583333
2017-09-08,18.29041667
2017-09-09,18.415
2017-09-10,19.32041667
2017-09-11,19.21916667
2017-09-12,19.3825
2017-09-13,19.25291667
2017-09-14,18.75833333
2017-09-15,16.97166667
2017-09-16,13.80333333
2017-09-17,12.89583333
2017-09-18,13.44375
2017-09-19,14.3625
2017-09-20,14.27791667
2017-09-21,13.99875
2017-09-22,13.52458333
2017-09-23,12.77583333
2017-09-24,12.5175
2017-09-25,12.28541667
2017-09-26,12.63916667
2017-09-27,12.53875
2017-09-28,13.01958333
2017-09-29,12.85125
2017-09-30,12.85666667
2017-10-01,13.52208333
2017-10-02,12.99916667
2017-10-03,11.50833333
2017-10-04,10.76125
2017-10-05,10.47434783
2017-10-06,10.29416667
2017-10-07,10.89083333
2017-10-08,10.75
2017-10-09,9.75
2017-10-10,9.33375
2017-10-11,9.530416667
2017-10-12,9.254166667
2017-10-13,8.333
2017-10-14,7.960625
2017-10-15,7.864166667
2017-10-16,8.196583333
2017-10-17,8.9525
2017-10-18,9.84125
2017-10-19,9.4075
2017-10-20,10.02666667
2017-10-21,10.6075
2017-10-22,9.577916667
2017-10-23,9.36375
2017-10-24,8.719166667
2017-10-25,8.964583333
2017-10-26,8.63075
2017-10-27,6.543625
2017-10-28,5.733791667
2017-10-29,6.832541667
2017-10-30,6.077625
2017-10-31,4.857708333
2017-11-01,4.593583333
2017-11-02,4.547541667
2017-11-03,4.124625
2017-11-04,3.814333333
2017-11-05,3.865125
2017-11-06,3.42775
2017-11-07,2.807333333
2017-11-08,2.391333333
2017-11-09,1.943125
2017-11-10,1.410166667
2017-11-11,1.630458333
2017-11-12,1.442875
2017-11-13,1.655458333
2017-11-14,2.151416667
2017-11-15,2.131541667
2017-11-16,1.414708333
2017-11-17,1.2345
2017-11-18,0.496541667
2017-11-19,0.033791667
2017-11-20,0.5835
2017-11-21,-0.059166667
2017-11-22,-0.841458333
2017-11-23,-0.297583333
2017-11-24,0.645625
2017-11-25,1.079833333
2017-11-26,1.325541667
2017-11-27,2.0145
2017-11-28,2.4395
2017-11-29,1.925291667
2017-11-30,1.851625
2017-12-01,1.744916667
2017-12-02,1.615291667
2017-12-03,1.454291667
2017-12-04,1.320791667
2017-12-05,0.657583333
2017-12-06,0.106416667
2017-12-07,-0.201875
2017-12-08,0.041708333
2017-12-09,0.229958333
2017-12-10,0.453375
2017-12-11,0.761416667
2017-12-12,0.913625
2017-12-13,1.024583333
2017-12-14,1.109541667
2017-12-15,1.153916667
2017-12-16,1.409375
2017-12-17,1.274833333
2017-12-18,1.077791667
2017-12-19,1.028416667
2017-12-20,0.351291667
2017-12-21,0.101416667
2017-12-22,0.068208333
2017-12-23,-0.127666667
2017-12-24,-0.442166667
2017-12-25,-1.05425
2017-12-26,-1.793875
2017-12-27,-2.633791667
2017-12-28,-2.941875
2017-12-29,-3.29825
2017-12-30,-3.957083333
2017-12-31,-4.651458333
2018-01-01,-5.06325
2018-01-02,-4.989416667
2018-01-03,-4.651833333
2018-01-04,-4.270041667
2018-01-05,-3.932791667
2018-01-06,-3.572625
2018-01-07,-2.881416667
2018-01-08,-2.502583333
2018-01-09,-2.263375
2018-01-10,-1.973458333
2018-01-11,-2.539583333
2018-01-12,-3.550083333
2018-01-13,-4.523291667
2018-01-14,-4.53875
2018-01-15,-4.763083333
2018-01-16,-5.375875
2018-01-17,-4.884541667
2018-01-18,-3.859916667
2018-01-19,-2.885833333
2018-01-20,-2.089208333
2018-01-21,-2.061458333
2018-01-22,-2.647208333
2018-01-23,-2.98075
2018-01-24,-3.159791667
2018-01-25,-3.212875
2018-01-26,-2.9035
2018-01-27,-3.257666667
2018-01-28,-4.021125
2018-01-29,-4.505
2018-01-30,-3.974291667
2018-01-31,-2.989083333
2018-02-01,-4.818291667
2018-02-02,-5.914833333
2018-02-03,-5.588458333
2018-02-04,-5.773666667
2018-02-05,-6.018458333
2018-02-06,-6.449041667
2018-02-07,-6.62925
2018-02-08,-6.847916667
2018-02-09,-7.02925
2018-02-10,-7.385958333
2018-02-11,-7.041583333
2018-02-12,-7.463708333
2018-02-13,-7.559375
2018-02-14,-5.792625
2018-02-15,-4.028625
2018-02-16,-5.472625
2018-02-17,-5.25925
2018-02-18,-5.361916667
2018-02-19,-5.678875
2018-02-20,-5.678125
2018-02-21,-6.016583333
2018-02-22,-6.34925
2018-02-23,-6.434625
2018-02-24,-6.323541667
2018-02-25,-5.55125
2018-02-26,-4.539583333
2018-02-27,-3.681041667
2018-02-28,-3.426875
2018-03-01,-3.223833333
2018-03-02,-2.948208333
2018-03-03,-2.841416667
2018-03-04,-2.1165
2018-03-05,-1.534916667
2018-03-06,-1.2345
2018-03-07,-1.101
2018-03-08,-1.203
2018-03-09,-1.386416667
2018-03-10,-1.437791667
2018-03-11,-1.427083333
2018-03-12,-1.493291667
2018-03-13,-1.628458333
2018-03-14,-1.531166667
2018-03-15,-1.594625
2018-03-16,-1.755958333
2018-03-17,-2.023666667
2018-03-18,-1.955041667
2018-03-19,-1.657208333
2018-03-20,-1.470916667
2018-03-21,-1.253083333
2018-03-22,-1.13875
2018-03-23,-1.032708333
2018-03-24,-0.985125
2018-03-25,-0.8425
2018-03-26,-0.725041667
2018-03-27,-0.62275
2018-03-28,-0.534083333
2018-03-29,-0.585
2018-03-30,-0.646333333
2018-03-31,-0.783166667
2018-04-01,-1.119958333
2018-04-02,-1.688458333
2018-04-03,-2.214833333
2018-04-04,-2.540083333
2018-04-05,-2.5635
2018-04-06,-2.948458333
2018-04-07,-3.536416667
2018-04-08,-3.5515
2018-04-09,-3.267375
2018-04-10,-2.749125
2018-04-11,-2.041208333
2018-04-12,-1.455041667
2018-04-13,-1.231958333
2018-04-14,-1.15275
2018-04-15,-0.986
2018-04-16,-0.847958333
2018-04-17,-0.706375
2018-04-18,-0.5885
2018-04-19,-0.465458333
2018-04-20,-0.255833333
2018-04-21,0.628708333
2018-04-22,2.751875
2018-04-23,3.55075
2018-04-24,3.528
2018-04-25,4.312125
2018-04-26,4.880291667
2018-04-27,5.65
2018-04-28,5.545958333
2018-04-29,6.319458333
2018-04-30,7.258166667
2018-05-01,5.966375
2018-05-02,5.924875
2018-05-03,6.61525
2018-05-04,7.809125
2018-05-05,9.0275
2018-05-06,9.962916667
2018-05-07,10.74208333
2018-05-08,10.81708333
2018-05-09,11.28583333
2018-05-10,9.895833333
2018-05-11,8.857916667
2018-05-12,9.319583333
2018-05-13,10.87125
2018-05-14,12.2425
2018-05-15,12.62833333
2018-05-16,13.59333333
2018-05-17,13.6775
2018-05-18,12.25875
2018-05-19,10.95916667
2018-05-20,11.86
2018-05-21,12.56958333
2018-05-22,13.9325
2018-05-23,14.80833333
2018-05-24,15.60875
2018-05-25,16.57708333
2018-05-26,17.38541667
2018-05-27,18.07458333
2018-05-28,17.72875
2018-05-29,16.83375
2018-05-30,16.91875
2018-05-31,16.77708333
2018-06-01,16.10458333
2018-06-02,15.27125
2018-06-03,14.64666667
2018-06-04,15.83
2018-06-05,17.34791667
2018-06-06,17.67958333
2018-06-07,17.56083333
2018-06-08,17.93666667
2018-06-09,18.95791667
2018-06-10,19.88625
2018-06-11,19.30583333
2018-06-12,18.52333333
2018-06-13,17.67416667
2018-06-14,18.24666667
2018-06-15,19.22
2018-06-16,18.57375
2018-06-17,17.52833333
2018-06-18,18.52583333
2018-06-19,19.49708333
2018-06-20,19.81541667
2018-06-21,20.15458333
2018-06-22,20.17125
2018-06-23,20.39208333
2018-06-24,20.18875
2018-06-25,19.98625
2018-06-26,20.50291667
2018-06-27,21.10083333
2018-06-28,20.77416667
2018-06-29,20.48833333
2018-06-30,20.49
2018-07-01,20.28125
2018-07-02,17.91583333
2018-07-03,13.57104167
2018-07-04,12.31916667
2018-07-05,12.48791667
2018-07-06,19.4445
2018-07-07,22.44125
2018-07-08,22.95875
2018-07-09,22.68458333
2018-07-10,22.97625
2018-07-11,23.18416667
2018-07-12,22.70708333
2018-07-13,22.85916667
2018-07-14,23.365
2018-07-15,22.815
2018-07-16,22.41625
2018-07-17,22.3725
2018-07-18,22.79666667
2018-07-19,23.18208333
2018-07-20,22.91958333
2018-07-21,22.16208333
2018-07-22,21.53458333
2018-07-23,21.06625
2018-07-24,21.24541667
2018-07-25,21.06666667
2018-07-26,20.17208333
2018-07-27,19.9675
2018-07-28,20.2875
2018-07-29,20.14875
2018-07-30,20.39916667
2018-07-31,20.94375
2018-08-01,22.135
2018-08-02,21.87666667
2018-08-03,23.43791667
2018-08-04,24.38333333
2018-08-05,24.23625
2018-08-06,24.64916667
2018-08-07,24.94458333
2018-08-08,25.24541667
2018-08-09,25.16916667
2018-08-10,25.42708333
2018-08-11,26.11625
2018-08-12,26.80916667
2018-08-13,25.9925
2018-08-14,23.55541667
2018-08-15,24.00541667
2018-08-16,23.89625
2018-08-17,23.03125
2018-08-18,23.91541667
2018-08-19,24.10833333
2018-08-20,22.42583333
2018-08-21,22.00166667
2018-08-22,21.82916667
2018-08-23,22.80875
2018-08-24,23.50125
2018-08-25,22.67416667
2018-08-26,19.91791667
2018-08-27,17.24291667
2018-08-28,16.45166667
2018-08-29,16.76625
2018-08-30,18.26083333
2018-08-31,19.52916667
2018-09-01,18.9325
2018-09-02,18.5825
2018-09-03,18.7975
2018-09-04,19.11291667
2018-09-05,17.73416667
2018-09-06,17.67541667
2018-09-07,18.135
2018-09-08,18.67958333
2018-09-09,19.30375
2018-09-10,19.00583333
2018-09-11,19.88375
2018-09-12,17.88791667
2018-09-13,16.96125
2018-09-14,16.23041667
2018-09-15,15.70458333
2018-09-16,16.54291667
2018-09-17,15.8325
2018-09-18,15.68125
2018-09-19,15.41833333
2018-09-20,13.395
2018-09-21,11.43125
2018-09-22,11.50791667
2018-09-23,9.792083333
2018-09-24,10.00333333
2018-09-25,9.990416667
2018-09-26,9.339583333
2018-09-27,10.065
2018-09-28,8.775041667
2018-09-29,8.564958333
2018-09-30,8.291875
2018-10-01,7.72775
2018-10-02,8.931458333
2018-10-03,8.151125
2018-10-04,5.664666667
2018-10-05,4.971541667
2018-10-06,5.199083333
2018-10-07,5.187375
2018-10-08,5.365291667
2018-10-09,5.44575
2018-10-10,4.224875
2018-10-11,3.727125
2018-10-12,3.858083333
2018-10-13,5.116541667
2018-10-14,3.74475
2018-10-15,2.884083333
2018-10-16,4.687708333
2018-10-17,5.080541667
2018-10-18,6.711666667
2018-10-19,7.858791667
2018-10-20,6.548208333
2018-10-21,6.438666667
2018-10-22,6.39275
2018-10-23,4.963208333
2018-10-24,6.122583333
2018-10-25,7.183041667
2018-10-26,7.125666667
2018-10-27,6.770208333
2018-10-28,6.124833333
2018-10-29,6.249708333
2018-10-30,5.353416667
2018-10-31,4.62175
2018-11-01,4.168583333
2018-11-02,4.643916667
2018-11-03,3.95375
2018-11-04,3.6535
2018-11-05,3.589541667
2018-11-06,2.358541667
2018-11-07,1.349208333
2018-11-08,0.792
2018-11-09,0.348
2018-11-10,0.009833333
2018-11-11,0.037666667
2018-11-12,-0.114125
2018-11-13,-0.512166667
2018-11-14,-0.299166667
2018-11-15,-0.04575
2018-11-16,0.0835
2018-11-17,0.118708333
2018-11-18,-0.279458333
2018-11-19,-0.436666667
2018-11-20,-0.402208333
2018-11-21,-0.51675
2018-11-22,-0.587583333
2018-11-23,-0.209041667
2018-11-24,-0.120458333
2018-11-25,-0.536333333
2018-11-26,-2.136083333
2018-11-27,-4.008666667
2018-11-28,-2.508333333
2018-11-29,-1.524875
2018-11-30,-0.906208333
2018-12-01,-0.742416667
2018-12-02,-1.267125
2018-12-03,-1.483
2018-12-04,-1.611791667
2018-12-05,-2.646875
2018-12-06,-2.832166667
2018-12-07,-3.270208333
2018-12-08,-3.7635
2018-12-09,-4.271125
2018-12-10,-4.034791667
2018-12-11,-3.373
2018-12-12,-3.050875
2018-12-13,-2.157125
2018-12-14,-1.860916667
2018-12-15,-1.365333333
2018-12-16,-1.300916667
2018-12-17,-2.469416667
2018-12-18,-1.895416667
2018-12-19,-0.850541667
2018-12-20,-0.941041667
2018-12-21,-1.619458333
2018-12-22,-1.133333333
2018-12-23,-1.383333333
2018-12-24,-1.7335
2018-12-25,-2.085208333
2018-12-26,-2.386583333
2018-12-27,-2.300708333
2018-12-28,-2.404208333
2018-12-29,-2.771666667
2018-12-30,-2.515541667
2018-12-31,-2.928708333
2019-01-01,-3.882208333
2019-01-02,-3.521333333
2019-01-03,-2.443416667
2019-01-04,-1.406125
2019-01-05,-1.044041667
2019-01-06,-1.7935
2019-01-07,-1.636916667
2019-01-08,-4.303291667
2019-01-09,-7.741166667
2019-01-10,-7.342583333
2019-01-11,-7.5905
2019-01-12,-6.582291667
2019-01-13,-5.824125
2019-01-14,-5.667333333
2019-01-15,-5.362666667
2019-01-16,-7.746041667
2019-01-17,-7.675458333
2019-01-18,-8.834625
2019-01-19,-9.720416667
2019-01-20,-8.9475
2019-01-21,-8.004083333
2019-01-22,-7.205375
2019-01-23,-6.513041667
2019-01-24,-6.983791667
2019-01-25,-7.892666667
2019-01-26,-7.748166667
2019-01-27,-7.171375
2019-01-28,-6.693291667
2019-01-29,-8.48625
2019-01-30,-10.37416667
2019-01-31,-10.27
2019-02-01,-8.5145
2019-02-02,-7.805791667
2019-02-03,-7.867041667
2019-02-04,-7.763875
2019-02-05,-7.376875
2019-02-06,-7.015916667
2019-02-07,-6.681083333
2019-02-08,-6.512375
2019-02-09,-6.549375
2019-02-10,-6.495125
2019-02-11,-6.420916667
2019-02-12,-6.18075
2019-02-13,-6.023791667
2019-02-14,-5.823833333
2019-02-15,-5.759125
2019-02-16,-5.831541667
2019-02-17,-5.620916667
2019-02-18,-5.402166667
2019-02-19,-5.385958333
2019-02-20,-5.522958333
2019-02-21,-5.3645
2019-02-22,-5.322666667
2019-02-23,-5.442916667
2019-02-24,-5.4225
2019-02-25,-5.9425
2019-02-26,-6.3145
2019-02-27,-6.840625
2019-02-28,-6.993958333
2019-03-01,-6.595125
2019-03-02,-6.459541667
2019-03-03,-7.138583333
2019-03-04,-7.278291667
2019-03-05,-7.166625
2019-03-06,-7.074166667
2019-03-07,-7.321208333
2019-03-08,-6.96125
2019-03-09,-6.22875
2019-03-10,-5.860625
2019-03-11,-5.84
2019-03-12,-5.54225
2019-03-13,-5.0755
2019-03-14,-4.331625
2019-03-15,-4.059
2019-03-16,-4.037375
2019-03-17,-3.718625
2019-03-18,-3.456916667
2019-03-19,-3.038083333
2019-03-20,-1.982708333
2019-03-21,-1.4045
2019-03-22,-1.219625
2019-03-23,-0.892291667
2019-03-24,-0.688333333
2019-03-25,-0.621958333
2019-03-26,-0.391416667
2019-03-27,-0.095875
2019-03-28,0.556454545
2019-03-29,0.757333333
2019-03-30,0.779458333
2019-03-31,1.323791667
2019-04-01,2.002666667
2019-04-02,2.62275
2019-04-03,2.584125
2019-04-04,3.789791667
2019-04-05,4.2365
2019-04-06,3.430875
2019-04-07,5.206625
2019-04-08,7.5495
2019-04-09,6.032333333
2019-04-10,3.567833333
2019-04-11,2.757541667
2019-04-12,3.29375
2019-04-13,4.146541667
2019-04-14,4.941541667
2019-04-15,5.741583333
2019-04-16,7.126375
2019-04-17,8.061041667
2019-04-18,7.6195
2019-04-19,8.396458333
2019-04-20,10.495
2019-04-21,10.22166667
2019-04-22,10.52208333
2019-04-23,10.83375
2019-04-24,11.78041667
2019-04-25,11.5625
2019-04-26,10.63541667
2019-04-27,10.5575
2019-04-28,7.606416667
2019-04-29,4.649
2019-04-30,4.947375
2019-05-01,6.17525
2019-05-02,6.344708333
2019-05-03,8.280375
2019-05-04,8.511166667
2019-05-05,8.002125
2019-05-06,8.809541667
2019-05-07,9.476041667
2019-05-08,9.879583333
2019-05-09,9.784833333
2019-05-10,10.55416667
2019-05-11,11.04916667
2019-05-12,11.075
2019-05-13,13.455
2019-05-14,15.15791667
2019-05-15,15.26875
2019-05-16,15.14666667
2019-05-17,13.5175
2019-05-18,11.95291667
2019-05-19,11.53916667
2019-05-20,12.27416667
2019-05-21,13.2675
2019-05-22,13.10875
2019-05-23,12.42833333
2019-05-24,12.49
2019-05-25,12.86
2019-05-26,12.86625
2019-05-27,12.11708333
2019-05-28,13.24833333
2019-05-29,15.07666667
2019-05-30,16.64375
2019-05-31,16.37125
2019-06-01,15.39791667
2019-06-02,16.19833333
2019-06-03,18.085
2019-06-04,19.43541667
2019-06-05,19.14478261
2019-06-06,19.83208333
2019-06-07,20.87791667
2019-06-08,19.22166667
2019-06-09,16.61166667
2019-06-10,16.39625
2019-06-11,17.11458333
2019-06-12,17.22708333
2019-06-13,19.05958333
2019-06-14,20.17708333
2019-06-15,19.59291667
2019-06-16,17.45833333
2019-06-17,16.5025
2019-06-18,17.22875
2019-06-19,18.38958333
2019-06-20,18.61625
2019-06-21,17.37833333
2019-06-22,15.815
2019-06-23,16.97291667
2019-06-24,18.02041667
2019-06-25,18.09916667
2019-06-26,19.36375
2019-06-27,21.3975
2019-06-28,22.13166667
2019-06-29,21.6275
2019-06-30,21.53583333
2019-07-01,21.56166667
2019-07-02,21.78375
2019-07-03,20.31916667
2019-07-04,19.33
2019-07-05,19.66583333
2019-07-06,20.25166667
2019-07-07,20.80583333
2019-07-08,21.90125
2019-07-09,21.07791667
2019-07-10,20.09166667
2019-07-11,20.53583333
2019-07-12,21.08041667
2019-07-13,21.43458333
2019-07-14,22.6425
2019-07-15,23.19958333
2019-07-16,22.68708333
2019-07-17,22.76833333
2019-07-18,22.825
2019-07-19,23.01291667
2019-07-20,23.1975
2019-07-21,22.46875
2019-07-22,21.99125
2019-07-23,22.59083333
2019-07-24,22.97791667
2019-07-25,23.185
2019-07-26,22.54708333
2019-07-27,22.7225
2019-07-28,23.76166667
2019-07-29,23.15416667
2019-07-30,22.54083333
2019-07-31,23.47041667
2019-08-01,23.90875
2019-08-02,23.50583333
2019-08-03,23.86333333
2019-08-04,24.2125
2019-08-05,23.32333333
2019-08-06,22.44291667
2019-08-07,22.29833333
2019-08-08,21.17208333
2019-08-09,21.56583333
2019-08-10,21.28083333
2019-08-11,20.5232
2019-08-12,20.06916667
2019-08-13,18.75875
2019-08-14,18.93166667
2019-08-15,19.41375
2019-08-16,19.53
2019-08-17,19.29291667
2019-08-18,17.35125
2019-08-19,18.78333333
2019-08-20,20.05291667
2019-08-21,19.52
2019-08-22,19.61291667
2019-08-23,19.44583333
2019-08-24,19.59708333
2019-08-25,20.19916667
2019-08-26,19.44333333
2019-08-27,17.59625
2019-08-28,16.59583333
2019-08-29,16.99541667
2019-08-30,16.42333333
2019-08-31,16.95125
2019-09-01,17.99875
2019-09-02,16.99166667
2019-09-03,15.92791667
2019-09-04,15.6625
2019-09-05,17.05708333
2019-09-06,17.13875
2019-09-07,16.11125
2019-09-08,14.63916667
2019-09-09,14.84416667
2019-09-10,14.89833333
2019-09-11,14.81625
2019-09-12,13.36708333
2019-09-13,12.91041667
2019-09-14,13.95708333
2019-09-15,14.73375
2019-09-16,16.01708333
2019-09-17,17.58625
2019-09-18,17.85416667
2019-09-19,16.755
2019-09-20,17.19208333
2019-09-21,16.41833333
2019-09-22,14.715
2019-09-23,14.61958333
2019-09-24,15.21875
2019-09-25,13.98166667
2019-09-26,12.85083333
2019-09-27,12.49
2019-09-28,11.78166667
2019-09-29,10.42375
2019-09-30,9.548333333
2019-10-01,9.00375
2019-10-02,8.598333333
2019-10-03,7.907333333
2019-10-04,8.41
2019-10-05,8.9825
2019-10-06,9.029583333
2019-10-07,8.962916667
2019-10-08,9.830833333
2019-10-09,9.024958333
2019-10-10,6.662083333
2019-10-11,5.469166667
2019-10-12,4.968791667
2019-10-13,5.028041667
2019-10-14,4.658041667
2019-10-15,5.069375
2019-10-16,5.117041667
2019-10-17,5.693458333
2019-10-18,6.631708333
2019-10-19,6.700708333
2019-10-20,5.903333333
2019-10-21,5.872291667
2019-10-22,4.962041667
2019-10-23,4.219958333
2019-10-24,3.834541667
2019-10-25,4.269708333
2019-10-26,5.5055
2019-10-27,3.950166667
2019-10-28,2.5395
2019-10-29,1.717666667
2019-10-30,1.214791667
2019-10-31,0.874041667
2019-11-01,0.961666667
2019-11-02,1.271625
2019-11-03,1.839541667
2019-11-04,1.944458333
2019-11-05,1.220625
2019-11-06,1.000458333
2019-11-07,0.625291667
2019-11-08,0.412625
2019-11-09,0.528291667
2019-11-10,0.606875
2019-11-11,0.458333333
2019-11-12,0.048208333
2019-11-13,0.176666667
2019-11-14,0.013625
2019-11-15,0.124916667
2019-11-16,0.2025
2019-11-17,0.293125
2019-11-18,0.416458333
2019-11-19,0.85925
2019-11-20,1.1315
2019-11-21,1.06675
2019-11-22,0.921625
2019-11-23,0.864166667
2019-11-24,0.92575
2019-11-25,1.422083333
2019-11-26,1.216625
2019-11-27,0.995291667
2019-11-28,0.70625
2019-11-29,0.487666667
2019-11-30,0.439291667
2019-12-01,0.421875
2019-12-02,0.401041667
2019-12-03,0.427833333
2019-12-04,0.451375
2019-12-05,0.37225
2019-12-06,0.122333333
2019-12-07,0.065541667
2019-12-08,0.017083333
2019-12-09,-0.147958333
2019-12-10,-0.213708333
2019-12-11,-0.571083333
2019-12-12,-0.657666667
2019-12-13,-0.549416667
2019-12-14,-0.689708333
2019-12-15,-0.762583333
2019-12-16,-0.747833333
2019-12-17,-0.738541667
2019-12-18,-0.834833333
2019-12-19,-0.756208333
2019-12-20,-0.837958333
2019-12-21,-0.604708333
2019-12-22,-0.410291667
2019-12-23,-0.504458333
2019-12-24,-0.703916667
2019-12-25,-0.775291667
2019-12-26,-0.836375
2019-12-27,-1.08525
2019-12-28,-1.381791667
2019-12-29,-1.545166667
2019-12-30,-1.630541667
2019-12-31,-1.752875
2020-01-01,-1.241791667
2020-01-02,-0.717875
2020-01-03,-0.6215
2020-01-04,-0.982791667
2020-01-05,-0.648375
2020-01-06,-1.079833333
2020-01-07,-1.696875
2020-01-08,-3.181458333
2020-01-09,-3.21975
2020-01-10,-4.45925
2020-01-11,-5.469416667
2020-01-12,-4.880791667
2020-01-13,-4.354416667
2020-01-14,-4.054875
2020-01-15,-3.870666667
2020-01-16,-4.003916667
2020-01-17,-3.95025
2020-01-18,-4.029958333
2020-01-19,-4.844833333
2020-01-20,-5.196125
2020-01-21,-4.53375
2020-01-22,-3.607666667
2020-01-23,-3.055125
2020-01-24,-2.750708333
2020-01-25,-2.613916667
2020-01-26,-2.105666667
2020-01-27,-2.018166667
2020-01-28,-1.836666667
2020-01-29,-1.567
2020-01-30,-1.48495
2020-01-31,-1.576916667
2020-02-01,-1.469291667
2020-02-02,-0.753916667
2020-02-03,-1.421041667
2020-02-04,-2.557041667
2020-02-05,-3.287208333
2020-02-06,-2.841166667
2020-02-07,-3.787833333
2020-02-08,-3.134041667
2020-02-09,-2.583125
2020-02-10,-2.818458333
2020-02-11,-3.076958333
2020-02-12,-3.541375
2020-02-13,-6.139291667
2020-02-14,-6.342625
2020-02-15,-4.164625
2020-02-16,-4.446083333
2020-02-17,-3.497375
2020-02-18,-4.891041667
2020-02-19,-6.927625
2020-02-20,-6.746375
2020-02-21,-4.2855
2020-02-22,-2.889041667
2020-02-23,-1.792
2020-02-24,-1.782541667
2020-02-25,-1.484458333
2020-02-26,-2.164708333
2020-02-27,-2.216375
2020-02-28,-1.389583333
2020-02-29,-0.876416667
2020-03-01,-0.627583333
2020-03-02,-0.999958333
2020-03-03,-0.744916667
2020-03-04,-0.555166667
2020-03-05,-0.341291667
2020-03-06,-0.243625
2020-03-07,-0.143333333
2020-03-08,-0.066166667
2020-03-09,-0.144208333
2020-03-10,-0.148708333
2020-03-11,-0.159291667
2020-03-12,-0.108875
2020-03-13,-0.120625
2020-03-14,-0.235791667
2020-03-15,-0.561625
2020-03-16,-0.672708333
2020-03-17,-0.962625
2020-03-18,-0.675125
2020-03-19,-0.742916667
2020-03-20,-0.937208333
2020-03-21,-1.20175
2020-03-22,-1.200166667
2020-03-23,-0.738625
2020-03-24,-0.260833333
2020-03-25,-0.241875
2020-03-26,-0.164541667
2020-03-27,-0.079
2020-03-28,0.001083333
2020-03-29,0.28325
2020-03-30,1.31325
2020-03-31,2.3715
2020-04-01,1.438125
2020-04-02,0.0805
2020-04-03,0.003583333
2020-04-04,-0.036
2020-04-05,-0.019791667
2020-04-06,0.578208333
2020-04-07,1.058391304
2020-04-08,-9.104333333
2020-04-09,10.30829167
2020-04-10,-0.268333333
2020-04-11,2.632666667
2020-04-12,1.229833333
2020-04-13,0.388125
2020-04-14,0.035583333
2020-04-15,0.089791667
2020-04-16,0.188958333
2020-04-17,0.669125
2020-04-18,2.641
2020-04-19,2.58975
2020-04-20,3.499458333
2020-04-21,4.113958333
2020-04-22,6.44025
2020-04-23,7.652625
2020-04-24,7.804125
2020-04-25,8.343041667
2020-04-26,8.21275
2020-04-27,8.336333333
2020-04-28,9.091666667
2020-04-29,9.0315
2020-04-30,10.04041667
2020-05-01,10.90458333
2020-05-02,10.59541667
2020-05-03,10.28291667
2020-05-04,9.390416667
2020-05-05,8.742
2020-05-06,9.464708333
2020-05-07,10.04375
2020-05-08,9.465166667
2020-05-09,9.163333333
2020-05-10,7.52425
2020-05-11,7.483416667
2020-05-12,7.685833333
2020-05-13,7.908291667
2020-05-14,8.309833333
2020-05-15,8.932083333
2020-05-16,10.68375
2020-05-17,11.35125
2020-05-18,12.08333333
2020-05-19,12.865
2020-05-20,13.72625
2020-05-21,14.32375
2020-05-22,14.53
2020-05-23,14.63541667
2020-05-24,13.6875
2020-05-25,13.01625
2020-05-26,13.70958333
2020-05-27,14.26625
2020-05-28,13.83833333
2020-05-29,13.28416667
2020-05-30,13.38833333
2020-05-31,13.77541667
2020-06-01,15.43625
2020-06-02,15.84083333
2020-06-03,15.22375
2020-06-04,14.69666667
2020-06-05,14.595
2020-06-06,14.59916667
2020-06-07,15.02666667
2020-06-08,16.56
2020-06-09,16.085
2020-06-10,15.21833333
2020-06-11,15.04833333
2020-06-12,15.51416667
2020-06-13,15.88625
2020-06-14,16.78541667
2020-06-15,17.32291667
2020-06-16,17.17
2020-06-17,17.91083333
2020-06-18,17.2575
2020-06-19,15.94958333
2020-06-20,16.46583333
2020-06-21,16.51458333
2020-06-22,16.17458333
2020-06-23,16.35291667
2020-06-24,17.8725
2020-06-25,19.0425
2020-06-26,19.16541667
2020-06-27,19.58458333
2020-06-28,20.385
2020-06-29,20.74375
2020-06-30,20.3075
2020-07-01,19.43708333
2020-07-02,19.85125
2020-07-03,19.97083333
2020-07-04,20.68666667
2020-07-05,20.93
2020-07-06,20.655
2020-07-07,20.2475
2020-07-08,20.26416667
2020-07-09,19.63625
2020-07-10,19.1275
2020-07-11,20.19333333
2020-07-12,20.47583333
2020-07-13,20.98916667
2020-07-14,19.89083333
2020-07-15,19.5175
2020-07-16,20.0275
2020-07-17,20.23041667
2020-07-18,20.0525
2020-07-19,19.4025
2020-07-20,19
2020-07-21,18.59916667
2020-07-22,19.20041667
2020-07-23,20.17791667
2020-07-24,21.235
2020-07-25,21.15833333
2020-07-26,20.475
2020-07-27,20.39958333
2020-07-28,20.4075
2020-07-29,20.68833333
2020-07-30,21.385
2020-07-31,22.11375
2020-08-01,21.64708333
2020-08-02,20.99083333
2020-08-03,20.68125
2020-08-04,20.52833333
2020-08-05,20.58291667
2020-08-06,20.96458333
2020-08-07,21.80125
2020-08-08,21.98916667
2020-08-09,21.55833333
2020-08-10,19.87375
2020-08-11,19.93541667
2020-08-12,20.92833333
2020-08-13,21.85708333
2020-08-14,21.10208333
2020-08-15,19.95666667
2020-08-16,19.71083333
2020-08-17,19.92916667
2020-08-18,20.8575
2020-08-19,21.58
2020-08-20,22.29375
2020-08-21,22.40083333
2020-08-22,21.95375
2020-08-23,21.69875
2020-08-24,20.76083333
2020-08-25,21.4425
2020-08-26,21.68583333
2020-08-27,20.87458333
2020-08-28,20.36125
2020-08-29,19.1025
2020-08-30,18.78833333
2020-08-31,17.0725
2020-09-01,16.4925
2020-09-02,16.67083333
2020-09-03,16.45791667
2020-09-04,16.6825
2020-09-05,16.78166667
2020-09-06,17.46625
2020-09-07,16.27333333
2020-09-08,14.58541667
2020-09-09,13.97458333
2020-09-10,14.77291667
2020-09-11,15.41291667
2020-09-12,15.67375
2020-09-13,15.88875
2020-09-14,15.03125
2020-09-15,15.06958333
2020-09-16,14.76791667
2020-09-17,14.87875
2020-09-18,14.81625
2020-09-19,15.3275
2020-09-20,16.05
2020-09-21,16.17666667
